{
  "ns": {
    "p16": 0.966720349033407,
    "p50": 0.9676271758432413,
    "p84": 0.9680284693850988
  },
  "r": {
    "p16": 0.012587997112044506,
    "p50": 0.022808583957560073,
    "p84": 0.03734300223927317
  },
  "n_samples_used": 2000,
  "n_efolds": 55.0
}