{
  "unique_samples": 64358,
  "total_weight_post": 65963.0,
  "effective_sample_size": 62570.89358489481,
  "max_weight": 6.0,
  "median_weight": 1.0,
  "bestfit_minus_loglike": 1394.32,
  "bestfit_index_post": 7907,
  "bestfit_params": {
    "omega_b": 2.233025,
    "omega_cdm": 0.119619,
    "100theta_s": 1.042058,
    "tau_reio": 0.05622314,
    "beta": 0.02216729,
    "Delta": 1.766965,
    "chi0": 4.378448,
    "mu": 4.297199,
    "A_cib_217": 48.53815,
    "xi_sz_cib": 0.5837656,
    "A_sz": 6.43001,
    "ps_A_100_100": 252.4522,
    "ps_A_143_143": 47.34027,
    "ps_A_143_217": 47.59841,
    "ps_A_217_217": 118.7106,
    "ksz_norm": 0.7122338,
    "gal545_A_100": 9.253892,
    "gal545_A_143": 11.07499,
    "gal545_A_143_217": 17.84408,
    "gal545_A_217": 90.29833,
    "galf_EE_A_100": 0.08801211,
    "galf_EE_A_100_143": 0.1219742,
    "galf_EE_A_100_217": 0.4577921,
    "galf_EE_A_143": 0.2598252,
    "galf_EE_A_143_217": 0.6596714,
    "galf_EE_A_217": 1.791473,
    "galf_TE_A_100": 998.6947,
    "galf_TE_A_100_143": 998.9935,
    "galf_TE_A_100_217": 0.9995634,
    "galf_TE_A_143": NaN,
    "galf_TE_A_143_217": NaN,
    "galf_TE_A_217": NaN,
    "calib_100T": NaN,
    "calib_217T": NaN,
    "A_planck": NaN
  },
  "ingest_meta": {
    "source": "l7\\chains\\asg_chain\\2026-03-10_200000__5.txt",
    "param_count": 35,
    "columns": [
      "weight",
      "minus_loglike",
      "omega_b",
      "omega_cdm",
      "100theta_s",
      "tau_reio",
      "beta",
      "Delta",
      "chi0",
      "mu",
      "A_cib_217",
      "xi_sz_cib",
      "A_sz",
      "ps_A_100_100",
      "ps_A_143_143",
      "ps_A_143_217",
      "ps_A_217_217",
      "ksz_norm",
      "gal545_A_100",
      "gal545_A_143",
      "gal545_A_143_217",
      "gal545_A_217",
      "galf_EE_A_100",
      "galf_EE_A_100_143",
      "galf_EE_A_100_217",
      "galf_EE_A_143",
      "galf_EE_A_143_217",
      "galf_EE_A_217",
      "galf_TE_A_100",
      "galf_TE_A_100_143",
      "galf_TE_A_100_217",
      "galf_TE_A_143",
      "galf_TE_A_143_217",
      "galf_TE_A_217",
      "calib_100T",
      "calib_217T",
      "A_planck"
    ],
    "rows_total": 75385,
    "rows_post_burn": 64358,
    "burn_in_index": 11027,
    "burn_in_threshold": 1399.32,
    "burn_in_fraction": 0.14627578430722293,
    "minus_loglike_min": 1394.32,
    "minus_loglike_median": 1399.72,
    "total_weight_post": 65963.0
  }
}