{
  "unique_samples": 64150,
  "total_weight_post": 76285.0,
  "effective_sample_size": 43489.70731105813,
  "max_weight": 9.0,
  "median_weight": 1.0,
  "bestfit_minus_loglike": 1396.04,
  "bestfit_index_post": 3556,
  "bestfit_params": {
    "omega_b": 2.246337,
    "omega_cdm": 0.1194392,
    "100theta_s": 1.041677,
    "tau_reio": 0.06601264,
    "epsilon": 2.155481e-09,
    "c": 0.0003890976,
    "A_s_inf": 1.104211,
    "A_cib_217": 47.93667,
    "xi_sz_cib": 0.004582265,
    "A_sz": 3.196153,
    "ps_A_100_100": 300.3698,
    "ps_A_143_143": 45.82936,
    "ps_A_143_217": 29.59086,
    "ps_A_217_217": 115.5305,
    "ksz_norm": 1.910502,
    "gal545_A_100": 8.217902,
    "gal545_A_143": 10.6446,
    "gal545_A_143_217": 19.20559,
    "gal545_A_217": 95.242,
    "galf_TE_A_100": 0.1179236,
    "galf_TE_A_100_143": 0.1225837,
    "galf_TE_A_100_217": 0.3421993,
    "galf_TE_A_143": 0.1999418,
    "galf_TE_A_143_217": 0.7226152,
    "galf_TE_A_217": 2.308063,
    "calib_100T": 999.8067,
    "calib_217T": 998.6172,
    "A_planck": 1.002233
  },
  "ingest_meta": {
    "source": "l7\\chains\\alpha_chain4\\2026-03-09_200000__1.txt",
    "param_count": 28,
    "columns": [
      "weight",
      "minus_loglike",
      "omega_b",
      "omega_cdm",
      "100theta_s",
      "tau_reio",
      "epsilon",
      "c",
      "A_s_inf",
      "A_cib_217",
      "xi_sz_cib",
      "A_sz",
      "ps_A_100_100",
      "ps_A_143_143",
      "ps_A_143_217",
      "ps_A_217_217",
      "ksz_norm",
      "gal545_A_100",
      "gal545_A_143",
      "gal545_A_143_217",
      "gal545_A_217",
      "galf_TE_A_100",
      "galf_TE_A_100_143",
      "galf_TE_A_100_217",
      "galf_TE_A_143",
      "galf_TE_A_143_217",
      "galf_TE_A_217",
      "calib_100T",
      "calib_217T",
      "A_planck"
    ],
    "rows_total": 64150,
    "rows_post_burn": 64150,
    "burn_in_index": 0,
    "burn_in_threshold": 5001396.04,
    "burn_in_fraction": 0.0,
    "minus_loglike_min": 1396.04,
    "minus_loglike_median": 1400.05,
    "total_weight_post": 76285.0
  }
}