{
  "unique_samples": 21406,
  "total_weight_post": 196857.0,
  "effective_sample_size": 6628.333620227694,
  "max_weight": 70.0,
  "median_weight": 1.0,
  "bestfit_minus_loglike": 116830000.0,
  "bestfit_index_post": 20848,
  "bestfit_params": {
    "omega_b": 2.497512,
    "omega_cdm": 0.1496754,
    "100theta_s": 1.046292,
    "tau_reio": 0.1198153,
    "beta": 0.6102802,
    "Delta": 0.9952264,
    "chi0": 6.043954,
    "mu": 3.581415,
    "A_cib_217": 0.6746752,
    "xi_sz_cib": 0.6309408,
    "A_sz": 4.797148,
    "ps_A_100_100": 170.6634
  },
  "ingest_meta": {
    "source": "asg_chain\\2026-03-04_200000__1.txt",
    "param_count": 35,
    "columns": [
      "weight",
      "minus_loglike",
      "omega_b",
      "omega_cdm",
      "100theta_s",
      "tau_reio",
      "beta",
      "Delta",
      "chi0",
      "mu",
      "A_cib_217",
      "xi_sz_cib",
      "A_sz",
      "ps_A_100_100",
      "ps_A_143_143",
      "ps_A_143_217",
      "ps_A_217_217",
      "ksz_norm",
      "gal545_A_100",
      "gal545_A_143",
      "gal545_A_143_217",
      "gal545_A_217",
      "galf_EE_A_100",
      "galf_EE_A_100_143",
      "galf_EE_A_100_217",
      "galf_EE_A_143",
      "galf_EE_A_143_217",
      "galf_EE_A_217",
      "galf_TE_A_100",
      "galf_TE_A_100_143",
      "galf_TE_A_100_217",
      "galf_TE_A_143",
      "galf_TE_A_143_217",
      "galf_TE_A_217",
      "calib_100T",
      "calib_217T",
      "A_planck"
    ],
    "rows_total": 21909,
    "rows_post_burn": 21406,
    "burn_in_index": 503,
    "burn_in_threshold": 121830000.0,
    "burn_in_fraction": 0.02295860148797298,
    "minus_loglike_min": 116830000.0,
    "minus_loglike_median": 117502000.0,
    "total_weight_post": 196857.0
  }
}