{
  "star_100": {
    "ns": 0.9999986157295241,
    "r": 3.691354253090407e-06
  },
  "exp_100": {
    "ns": 0.9998976474916995,
    "r": 0.000272933283173452
  },
  "star_1000": {
    "ns": 1.0,
    "r": 2.976060880018662e-45
  },
  "exp_1000": {
    "ns": 0.9999999999993816,
    "r": 1.649073230522482e-12
  }
}