{
  "unique_samples": 247,
  "total_weight_post": 2518.0,
  "effective_sample_size": 91.99541497388276,
  "max_weight": 33.0,
  "median_weight": 1.0,
  "bestfit_minus_loglike": 119571000.0,
  "bestfit_index_post": 214,
  "bestfit_params": {
    "omega_b": 2.421256,
    "omega_cdm": 0.1497797,
    "100theta_s": 1.042554,
    "tau_reio": 0.1197185,
    "epsilon": 0.002947468,
    "c": 0.5147689,
    "Lambda": 9.561721e-11,
    "A_cib_217": 0.112143,
    "xi_sz_cib": 0.7259573,
    "A_sz": 5.003258,
    "ps_A_100_100": 14.10622,
    "ps_A_143_143": 146.4704,
    "ps_A_143_217": 24.43513,
    "ps_A_217_217": 11.54925,
    "ksz_norm": 0.3963229,
    "gal545_A_100": 5.000097,
    "gal545_A_143": 11.51256,
    "gal545_A_143_217": 76.59982,
    "gal545_A_217": 0.5946279,
    "galf_EE_A_100": 0.09659214,
    "galf_EE_A_100_143": 0.05036596,
    "galf_EE_A_100_217": 0.1527401,
    "galf_EE_A_143": 0.1835695,
    "galf_EE_A_143_217": 0.3732881,
    "galf_EE_A_217": 0.1536678,
    "galf_TE_A_100": 0.1837886,
    "galf_TE_A_100_143": 0.07833071,
    "galf_TE_A_100_217": 1.367171,
    "galf_TE_A_143": 0.3292285,
    "galf_TE_A_143_217": 0.2909917,
    "galf_TE_A_217": 0.4315252,
    "calib_100T": 99.89551,
    "calib_217T": 99.49643,
    "A_planck": 109.9598
  },
  "ingest_meta": {
    "source": "alpha_chain_prod\\2026-03-05_5000__1.txt",
    "param_count": 34,
    "columns": [
      "weight",
      "minus_loglike",
      "omega_b",
      "omega_cdm",
      "100theta_s",
      "tau_reio",
      "epsilon",
      "c",
      "Lambda",
      "A_cib_217",
      "xi_sz_cib",
      "A_sz",
      "ps_A_100_100",
      "ps_A_143_143",
      "ps_A_143_217",
      "ps_A_217_217",
      "ksz_norm",
      "gal545_A_100",
      "gal545_A_143",
      "gal545_A_143_217",
      "gal545_A_217",
      "galf_EE_A_100",
      "galf_EE_A_100_143",
      "galf_EE_A_100_217",
      "galf_EE_A_143",
      "galf_EE_A_143_217",
      "galf_EE_A_217",
      "galf_TE_A_100",
      "galf_TE_A_100_143",
      "galf_TE_A_100_217",
      "galf_TE_A_143",
      "galf_TE_A_143_217",
      "galf_TE_A_217",
      "calib_100T",
      "calib_217T",
      "A_planck"
    ],
    "rows_total": 685,
    "rows_post_burn": 247,
    "burn_in_index": 438,
    "burn_in_threshold": 124571000.0,
    "burn_in_fraction": 0.6394160583941606,
    "minus_loglike_min": 119571000.0,
    "minus_loglike_median": 131389000.0,
    "total_weight_post": 2518.0
  }
}