{
  "unique_samples": 29709,
  "total_weight_post": 34304.0,
  "effective_sample_size": 1375.2838957894098,
  "max_weight": 510.0,
  "median_weight": 1.0,
  "bestfit_minus_loglike": 1387.71,
  "bestfit_index_post": 28,
  "bestfit_params": {
    "omega_b": 2.234515,
    "omega_cdm": 0.1195159,
    "100theta_s": 1.041704,
    "tau_reio": 0.05586722,
    "beta": 0.03550847,
    "Delta": 1.654265,
    "chi0": 3.684965,
    "mu": 2.172367,
    "A_cib_217": 47.96277,
    "xi_sz_cib": 0.414331,
    "A_sz": 7.198444,
    "ps_A_100_100": 251.5891,
    "ps_A_143_143": 46.39703,
    "ps_A_143_217": 46.36221,
    "ps_A_217_217": 118.0578,
    "ksz_norm": 0.1892383,
    "gal545_A_100": 8.947456,
    "gal545_A_143": 10.95671,
    "gal545_A_143_217": 19.60112,
    "gal545_A_217": 94.19132,
    "galf_EE_A_100": 0.1134681,
    "galf_EE_A_100_143": 0.1329597,
    "galf_EE_A_100_217": 0.485498,
    "galf_EE_A_143": 0.2182538,
    "galf_EE_A_143_217": 0.6680548,
    "galf_EE_A_217": 2.0554,
    "galf_TE_A_100": 999.7603,
    "galf_TE_A_100_143": 998.1378,
    "galf_TE_A_100_217": 0.9997433,
    "galf_TE_A_143": NaN,
    "galf_TE_A_143_217": NaN,
    "galf_TE_A_217": NaN,
    "calib_100T": NaN,
    "calib_217T": NaN,
    "A_planck": NaN
  },
  "ingest_meta": {
    "source": "l7\\chains\\asg_chain\\2026-03-09_200000__3.txt",
    "param_count": 35,
    "columns": [
      "weight",
      "minus_loglike",
      "omega_b",
      "omega_cdm",
      "100theta_s",
      "tau_reio",
      "beta",
      "Delta",
      "chi0",
      "mu",
      "A_cib_217",
      "xi_sz_cib",
      "A_sz",
      "ps_A_100_100",
      "ps_A_143_143",
      "ps_A_143_217",
      "ps_A_217_217",
      "ksz_norm",
      "gal545_A_100",
      "gal545_A_143",
      "gal545_A_143_217",
      "gal545_A_217",
      "galf_EE_A_100",
      "galf_EE_A_100_143",
      "galf_EE_A_100_217",
      "galf_EE_A_143",
      "galf_EE_A_143_217",
      "galf_EE_A_217",
      "galf_TE_A_100",
      "galf_TE_A_100_143",
      "galf_TE_A_100_217",
      "galf_TE_A_143",
      "galf_TE_A_143_217",
      "galf_TE_A_217",
      "calib_100T",
      "calib_217T",
      "A_planck"
    ],
    "rows_total": 29710,
    "rows_post_burn": 29709,
    "burn_in_index": 1,
    "burn_in_threshold": 1392.71,
    "burn_in_fraction": 3.3658700774150116e-05,
    "minus_loglike_min": 1387.71,
    "minus_loglike_median": 1404.23,
    "total_weight_post": 34304.0
  }
}