beta,alpha_s
0.0,-0.000633237803117348
0.0026315789473684,0.0
0.0052631578947368,0.0
0.0078947368421052,0.0
0.0105263157894736,0.0
0.0131578947368421,0.0
0.0157894736842105,0.0
0.0184210526315789,0.0
0.0210526315789473,-0.000647023487632703
0.0236842105263157,0.0
0.0263157894736842,0.0
0.0289473684210526,0.0
0.031578947368421,0.0
0.0342105263157894,0.0
0.0368421052631578,0.0
0.0394736842105263,0.0
0.0421052631578947,0.0
0.0447368421052631,0.0
0.0473684210526315,0.0
0.05,0.0
