model,n_s_mean,alpha_s_mean
alpha-attractor mean,0.9635304635282237,-0.0006601372034170468
alpha-attractor std,0.0025819055451141463,0.00012890865224897427
ASG mean,0.9637812011080346,-0.0013987752945487035
ASG std,0.0019757595518460967,0.00034202068088458364
