model,n_s_mean,n_s_std,alpha_s_mean,alpha_s_std
alpha-attractor,0.9635476059323825,0.00206721348561947,-0.0006683383569266024,9.494140672777777e-05
RG-threshold (ASG),0.963622432177738,0.001244764551335922,-0.001419066644388116,0.0002941051351971113
