{
  "unique_samples": 96818,
  "total_weight_post": 103333.0,
  "effective_sample_size": 4853.135643339801,
  "max_weight": 1444.0,
  "median_weight": 1.0,
  "bestfit_minus_loglike": 1387.6,
  "bestfit_index_post": 158,
  "bestfit_params": {
    "omega_b": 2.233961,
    "omega_cdm": 0.1193786,
    "100theta_s": 1.041835,
    "tau_reio": 0.05559295,
    "beta": 0.03920451,
    "Delta": 1.59683,
    "chi0": 3.807301,
    "mu": 2.242273,
    "A_cib_217": 47.06657,
    "xi_sz_cib": 0.4084827,
    "A_sz": 7.36135,
    "ps_A_100_100": 246.44,
    "ps_A_143_143": 46.73305,
    "ps_A_143_217": 47.22448,
    "ps_A_217_217": 119.5601,
    "ksz_norm": 0.276292,
    "gal545_A_100": 9.243117,
    "gal545_A_143": 10.7847,
    "gal545_A_143_217": 19.47587,
    "gal545_A_217": 94.55772,
    "galf_EE_A_100": 0.1105169,
    "galf_EE_A_100_143": 0.1335228,
    "galf_EE_A_100_217": 0.4677308,
    "galf_EE_A_143": 0.2330039,
    "galf_EE_A_143_217": 0.6675858,
    "galf_EE_A_217": 2.024622,
    "galf_TE_A_100": 999.7295,
    "galf_TE_A_100_143": 998.1154,
    "galf_TE_A_100_217": 0.9999505,
    "galf_TE_A_143": NaN,
    "galf_TE_A_143_217": NaN,
    "galf_TE_A_217": NaN,
    "calib_100T": NaN,
    "calib_217T": NaN,
    "A_planck": NaN
  },
  "ingest_meta": {
    "source": "l7\\chains\\asg_chain\\2026-03-11_200000__2.txt",
    "param_count": 35,
    "columns": [
      "weight",
      "minus_loglike",
      "omega_b",
      "omega_cdm",
      "100theta_s",
      "tau_reio",
      "beta",
      "Delta",
      "chi0",
      "mu",
      "A_cib_217",
      "xi_sz_cib",
      "A_sz",
      "ps_A_100_100",
      "ps_A_143_143",
      "ps_A_143_217",
      "ps_A_217_217",
      "ksz_norm",
      "gal545_A_100",
      "gal545_A_143",
      "gal545_A_143_217",
      "gal545_A_217",
      "galf_EE_A_100",
      "galf_EE_A_100_143",
      "galf_EE_A_100_217",
      "galf_EE_A_143",
      "galf_EE_A_143_217",
      "galf_EE_A_217",
      "galf_TE_A_100",
      "galf_TE_A_100_143",
      "galf_TE_A_100_217",
      "galf_TE_A_143",
      "galf_TE_A_143_217",
      "galf_TE_A_217",
      "calib_100T",
      "calib_217T",
      "A_planck"
    ],
    "rows_total": 96818,
    "rows_post_burn": 96818,
    "burn_in_index": 0,
    "burn_in_threshold": 5001387.6,
    "burn_in_fraction": 0.0,
    "minus_loglike_min": 1387.6,
    "minus_loglike_median": 1399.43,
    "total_weight_post": 103333.0
  }
}