Najpopularniejsze strony,Kliknięcia,Wyświetlenia,CTR,Pozycja
https://forevershining.org/,31,1353,2.29%,4.85
https://forevershining.org/designs,5,73,6.85%,10.45
https://forevershining.org/designs/stainless-steel-plaque/teacher-memorial,4,138,2.9%,8.62
https://forevershining.org/designs/laser-etched-headstone/nurse-memorial/curved-top-nurse,3,52,5.77%,9.13
https://forevershining.org/designs/pets/memorial/serpentine-horse-headstone,3,33,9.09%,10.24
https://forevershining.org/designs/legacy-product/maori-memorial/rectangle-in-loving-memory,3,3,100%,2.67
https://forevershining.org/designs/traditional-headstone/floral-memorial/square-flower-flowers-headstone,2,93,2.15%,9.94
https://forevershining.org/designs/laser-etched-headstone/psalm-23-memorial/serpentine-the-lord-is-my-shepherd-headstone,2,65,3.08%,12.12
https://forevershining.org/designs/bronze-plaque/islamic-memorial/bronze-plaque-islamic,2,29,6.9%,10.69
https://forevershining.org/designs/laser-etched-headstone/memorial/headstone-43-teddy-bear,2,26,7.69%,11.92
https://forevershining.org/designs/laser-etched-headstone/nurse-memorial,2,24,8.33%,5.54
https://forevershining.org/designs/laser-etched-headstone/daughter-memorial/serpentine-in-loving-memory-headstone,2,21,9.52%,8.1
https://forevershining.org/designs/bronze-plaque/music-memorial/bronze-plaque-music,2,16,12.5%,5.94
https://forevershining.org/designs/laser-etched-headstone/nurse-memorial/curved-top-nurse-3,2,15,13.33%,6.67
https://forevershining.org/designs/bronze-plaque/nurse-memorial/bronze-plaque-nurse,2,11,18.18%,8.82
https://forevershining.org/designs/laser-etched-headstone/memorial/headstone-19-eagle,2,10,20%,7.6
https://forevershining.org/designs/traditional-headstone/memorial/serpentine-whale,2,8,25%,5.75
https://forevershining.org/designs/laser-etched-headstone/daughter-memorial/serpentine-butterflies-rose,2,8,25%,7
https://forevershining.org/designs/traditional-headstone/religious-memorial/serpentine-angel-cross,2,8,25%,11.25
https://forevershining.org/designs/laser-etched-headstone/son-memorial/curved-peak-birds-dove,2,7,28.57%,18.71
https://forevershining.org/designs/laser-etched-headstone/butterfly-memorial/serpentine-forever-in-our-hearts,2,6,33.33%,28.17
https://forevershining.org/designs/traditional-headstone/biblical-memorial/headstone-20-i-shall-dwell-in-the-house-of-the-lord-forever,2,4,50%,2
https://forevershining.org/designs/traditional-headstone/mother-memorial/peak-much-loved,1,348,0.29%,34.8
https://forevershining.org/designs/laser-etched-headstone/butterfly-memorial/headstone-27-butterflies,1,126,0.79%,9.5
https://forevershining.org/memorials/plaques,1,82,1.22%,15.12
https://forevershining.org/designs/traditional-headstone/memorial/serpentine-duck-swan,1,60,1.67%,9.03
https://forevershining.org/designs/traditional-headstone/music-memorial/serpentine-absent-from-the-body-present-with-the-lord,1,57,1.75%,21.4
https://forevershining.org/designs/traditional-headstone/psalm-23-memorial/serpentine-the-lord-is-my-shepherd-2,1,56,1.79%,5.89
https://forevershining.org/designs/legacy-product/maori-memorial,1,41,2.44%,18.41
https://forevershining.org/designs/laser-etched-headstone/dove-memorial/curved-top-bird-dove,1,29,3.45%,20.69
https://forevershining.org/designs/laser-etched-headstone/butterfly-memorial/headstone-2-butterflies,1,27,3.7%,9.59
https://forevershining.org/designs/laser-etched-headstone/butterfly-memorial/serpentine-butterflies-headstone,1,27,3.7%,15.81
https://forevershining.org/designs/laser-etched-headstone/teacher-memorial,1,25,4%,9.6
https://forevershining.org/designs/laser-etched-headstone/butterfly-memorial/serpentine-butterflies-flower-headstone,1,24,4.17%,6.04
https://forevershining.org/designs/laser-etched-headstone/memorial/curved-top-bird-headstone,1,24,4.17%,9.42
https://forevershining.org/designs/laser-etched-headstone/biblical-memorial/half-round-in-loving-memory-5,1,22,4.55%,6.82
https://forevershining.org/designs/traditional-headstone/floral-memorial/serpentine-together-forever-4,1,20,5%,8.4
https://forevershining.org/designs/laser-etched-headstone/memorial/headstone-7-together-forever,1,20,5%,12.1
https://forevershining.org/designs/pets/pet-memorial/cropped-peak-cat-headstone,1,14,7.14%,4.57
https://forevershining.org/designs/laser-etched-headstone/dove-memorial,1,14,7.14%,6.57
https://forevershining.org/designs/laser-etched-headstone/memorial/peak-owl-headstone,1,14,7.14%,7.36
https://forevershining.org/designs/traditional-headstone/dove-memorial,1,14,7.14%,8.21
https://forevershining.org/designs/laser-monument/dove-memorial/serpentine-dove-flower-2,1,14,7.14%,9.07
https://forevershining.org/designs/laser-etched-headstone/biblical-memorial/square-the-lord-bless-you-and-keep-you-headstone,1,13,7.69%,6.77
https://forevershining.org/designs/traditional-plaque/music-memorial/rectangle-portrait-forever-in-our-hearts-13,1,12,8.33%,11.25
https://forevershining.org/designs/traditional-headstone/psalm-23-memorial,1,10,10%,7.6
https://forevershining.org/designs/mini-headstone/butterfly-memorial/serpentine-bird-butterflies,1,10,10%,8.2
https://forevershining.org/designs/legacy-full-monument/daughter-memorial,1,10,10%,8.5
https://forevershining.org/designs/bronze-plaque,1,10,10%,22.6
https://forevershining.org/designs/laser-etched-headstone/islamic-memorial/square-islamic,1,9,11.11%,4.56
https://forevershining.org/designs/laser-etched-headstone/floral-memorial/serpentine-flower-flowers-3,1,9,11.11%,6.44
https://forevershining.org/designs/traditional-headstone/child-memorial/headstone-27-child,1,9,11.11%,6.89
https://forevershining.org/designs/traditional-plaque/floral-memorial/square-flower-flowers,1,9,11.11%,7.56
https://forevershining.org/designs/traditional-headstone/floral-memorial/serpentine-flower-flowers-7,1,9,11.11%,13.67
https://forevershining.org/designs/traditional-headstone/butterfly-memorial/serpentine-gone-but-not-forgotten-7,1,9,11.11%,17.67
https://forevershining.org/designs/bronze-plaque/service-memorial/square-a-true-gentleman,1,8,12.5%,4
https://forevershining.org/designs/traditional-headstone/doctor-memorial,1,8,12.5%,7.5
https://forevershining.org/designs/laser-etched-headstone/maori-memorial/curved-top-dove-2,1,8,12.5%,8.62
https://forevershining.org/designs/laser-etched-headstone/dove-memorial/curved-top-in-loving-memory,1,8,12.5%,18.5
https://forevershining.org/designs/laser-etched-headstone/islamic-memorial/serpentine-islamic-headstone,1,7,14.29%,7.57
https://forevershining.org/designs/legacy-full-monument/wife-memorial/square-flower-flowers-monument,1,7,14.29%,10.14
https://forevershining.org/designs/bronze-plaque/doctor-memorial/square-butterflies-cat,1,7,14.29%,10.29
https://forevershining.org/designs/bronze-plaque/islamic-memorial/square-in-loving-memory-57,1,6,16.67%,4
https://forevershining.org/designs/laser-etched-headstone/psalm-23-memorial,1,5,20%,5
https://forevershining.org/designs/laser-etched-headstone/biblical-memorial/square-blessed-are-the-pure-in-heart-headstone,1,5,20%,5.2
https://forevershining.org/designs/traditional-plaque/dove-memorial/square-dove-2,1,5,20%,7.6
https://forevershining.org/designs/bronze-plaque/fishing-memorial/rectangle-landscape-fishing,1,5,20%,8
https://forevershining.org/designs/laser-etched-headstone/dove-memorial/serpentine-bird-dove,1,4,25%,3.75
https://forevershining.org/designs/laser-etched-headstone/wife-memorial/headstone-21-in-gods-care,1,4,25%,4
https://forevershining.org/designs/bronze-plaque/dove-memorial,1,4,25%,5.25
https://forevershining.org/designs/laser-etched-headstone/biblical-memorial/square-the-lord-bless-you-and-keep-you,1,4,25%,9.5
https://forevershining.org/designs/bronze-plaque/father-memorial/bronze-plaque-much-loved-7,1,4,25%,10.5
https://forevershining.org/designs/laser-etched-headstone/service-memorial/headstone-36-service,1,4,25%,28
https://forevershining.org/designs/laser-etched-headstone/in-loving-memory/headstone-6-in-loving-memory-headstone,1,3,33.33%,2.33
https://forevershining.org/designs/laser-colour-plaque/husband-memorial/rectangle-landscape-loving-father-2,1,3,33.33%,2.67
https://forevershining.org/designs/traditional-headstone/biblical-memorial/curved-top-the-lord-is-my-shepherd-i-shall-not-want,1,3,33.33%,3.67
https://forevershining.org/designs/bronze-plaque/memorial/square-eagle,1,3,33.33%,5.33
https://forevershining.org/designs/laser-etched-headstone/religious-memorial/half-round-kept-the-faith,1,3,33.33%,8
https://forevershining.org/designs/laser-etched-headstone/music-memorial/serpentine-with-the-angels,1,2,50%,1
https://forevershining.org/designs/traditional-plaque/biblical-memorial/rectangle-landscape-much-loved-6,1,2,50%,1
https://forevershining.org/my-account,1,2,50%,3
https://forevershining.org/designs/laser-etched-headstone/memorial/curved-top-bird,1,2,50%,5
https://forevershining.org/designs/traditional-headstone/mother-memorial/right-wave-your-wings-were-ready-but-our-hearts-were-not,1,2,50%,5
https://forevershining.org/designs/laser-etched-headstone/islamic-memorial/curved-peak-in-loving-memory,1,2,50%,5.5
https://forevershining.org/designs/laser-etched-headstone/religious-memorial/headstone-34-bird-cross,1,2,50%,6.5
https://forevershining.org/designs/laser-monument/butterfly-memorial,1,2,50%,6.5
https://forevershining.org/designs/laser-etched-headstone/dove-memorial/serpentine-bird-flower-9,1,2,50%,7.5
https://forevershining.org/designs/laser-monument/floral-memorial/serpentine-flower-flowers-monument,1,2,50%,27.5
https://forevershining.org/designs/bronze-plaque/rest-in-peace/bronze-plaque-rest-in-peace-5,1,1,100%,2
https://forevershining.org/designs/laser-etched-headstone/religious-memorial/square-cross-dove-2,1,1,100%,2
https://forevershining.org/designs/traditional-headstone/rest-in-peace/curved-top-rest-in-peace-2,1,1,100%,2
https://forevershining.org/designs/laser-etched-headstone/mother-memorial/square-in-loving-memory-35,1,1,100%,7
https://forevershining.org/designs/traditional-headstone/wife-memorial/serpentine-much-loved,1,1,100%,8
https://forevershining.org/designs/laser-etched-headstone/mother-memorial/serpentine-mother-headstone,1,1,100%,9
https://forevershining.org/designs/bronze-plaque/religious-memorial/rectangle-landscape-together-forever-11,1,1,100%,10
https://forevershining.org/designs/traditional-plaque/memorial/rectangle-portrait-bird-flower,0,149,0%,14.79
https://forevershining.org/designs/traditional-headstone/in-loving-memory/serpentine-unique-individual,0,128,0%,30.01
https://forevershining.org/designs/traditional-headstone/mother-memorial/serpentine-dove-flower-headstone,0,118,0%,38.5
https://forevershining.org/designs/laser-colour-plaque/dove-memorial,0,117,0%,7.58
https://forevershining.org/designs/bronze-plaque/religious-memorial/full-colour-plaque-in-loving-memory-3,0,116,0%,13.18
https://forevershining.org/designs/traditional-headstone/father-memorial/serpentine-flower,0,116,0%,40.22
https://www.forevershining.org/,0,89,0%,4.63
https://forevershining.org/memorials/urns,0,69,0%,8.88
https://forevershining.org/memorials/headstones,0,58,0%,11.03
https://forevershining.org/designs/traditional-headstone/psalm-23-memorial/left-wave-the-lord-is-my-shepherd,0,57,0%,5.04
https://forevershining.org/designs/laser-etched-headstone/memorial/curved-top-memorial,0,42,0%,9.26
https://forevershining.org/designs/traditional-headstone/dove-memorial/serpentine-forever-in-our-hearts-26,0,39,0%,32.13
https://forevershining.org/memorials/pet-memorials,0,38,0%,14.18
https://forevershining.org/designs/traditional-headstone/mother-memorial/curved-gable-dove-flower,0,37,0%,49.59
https://forevershining.org/designs/legacy-full-monument/psalm-23-memorial,0,35,0%,4.66
https://forevershining.org/select-product,0,35,0%,21.37
https://forevershining.org/designs/stainless-steel-plaque/fishing-memorial/square-always-in-our-hearts-6,0,34,0%,4.97
https://forevershining.org/designs/laser-etched-headstone/memorial/curved-top-star-headstone,0,34,0%,9.35
https://forevershining.org/designs/traditional-headstone/father-memorial/square-james-4,0,34,0%,40.24
https://forevershining.org/designs/stainless-steel-plaque/memorial/stainless-steel-plaque-memorial,0,33,0%,11.67
https://forevershining.org/designs/traditional-headstone/husband-memorial/square-flower,0,33,0%,47.3
https://forevershining.org/designs/traditional-headstone/nurse-memorial,0,32,0%,7.34
https://forevershining.org/designs/laser-etched-headstone/memorial/curved-top-jude,0,31,0%,9.13
https://forevershining.org/designs/laser-etched-headstone/father-memorial/half-round-you-are-my-sunshine,0,29,0%,5.03
https://forevershining.org/designs/laser-etched-headstone/nurse-memorial/serpentine-nurse,0,29,0%,7.66
https://forevershining.org/designs/laser-etched-headstone/memorial/headstone-27-forever-in-our-hearts-7,0,29,0%,9.66
https://forevershining.org/designs/bronze-plaque/jewish-memorial/bronze-plaque-jewish,0,27,0%,13.19
https://forevershining.org/designs/laser-etched-headstone/biblical-memorial/curved-peak-psalm,0,26,0%,15.19
https://forevershining.org/designs/laser-monument/memorial/square-flower-monument,0,24,0%,7.58
https://forevershining.org/designs/traditional-headstone/sister-memorial/serpentine-sister-headstone,0,22,0%,10.59
https://forevershining.org/designs/laser-colour-plaque/memorial/rectangle-landscape-bird-eagle,0,21,0%,10.14
https://forevershining.org/designs/traditional-headstone/floral-memorial/serpentine-dove-flower-4,0,21,0%,58.19
https://forevershining.org/memorials/full-monuments,0,20,0%,1.75
https://forevershining.org/designs/pets/pet-memorial/rectangle-300x200-rest-in-peace,0,20,0%,8.55
https://forevershining.org/designs/pets/butterfly-memorial/serpentine-bird-butterflies-monument,0,20,0%,13.05
https://forevershining.org/designs/traditional-headstone/butterfly-memorial/serpentine-forever-in-our-hearts-41,0,20,0%,32.35
https://forevershining.org/designs/pets/pet-memorial/bone-bird,0,19,0%,6.37
https://forevershining.org/designs/traditional-plaque/religious-memorial/rectangle-landscape-religious-3,0,19,0%,9.26
https://forevershining.org/designs/laser-etched-headstone/butterfly-memorial/serpentine-in-loving-memory-111,0,19,0%,10.21
https://forevershining.org/designs/legacy-full-monument/memorial/curved-gable-cross-flower,0,19,0%,14.58
https://forevershining.org/designs/laser-etched-headstone/religious-memorial/curved-top-cross-dove,0,18,0%,7.11
https://forevershining.org/designs/bronze-plaque/memorial/stainless-steel-plaque-much-loved,0,18,0%,8.06
https://forevershining.org/designs/laser-etched-headstone/memorial/serpentine-your-wings-were-ready-but-our-hearts-were-not,0,18,0%,10.11
https://forevershining.org/designs/laser-etched-headstone/memorial/headstone-27-forever-in-our-hearts-9,0,18,0%,27.72
https://forevershining.org/designs/laser-etched-headstone/garden-memorial/square-in-loving-memory-48,0,17,0%,15.06
https://forevershining.org/designs/laser-etched-headstone/mother-memorial/headstone-9-forever-in-our-hearts,0,17,0%,18.88
https://forevershining.org/designs/bronze-plaque/service-memorial/square-service,0,17,0%,24.24
https://forevershining.org/designs/traditional-headstone/in-loving-memory/serpentine-always-in-our-hearts-15,0,17,0%,32.65
https://forevershining.org/designs/legacy-full-monument/memorial/headstone-25-memorial-monument,0,16,0%,13.88
https://forevershining.org/designs/bronze-plaque/garden-memorial/bronze-plaque-flower-plaque,0,15,0%,25.07
https://forevershining.org/designs/traditional-headstone/biblical-memorial/curved-top-the-lord-is-my-shepherd,0,14,0%,10.14
https://forevershining.org/designs/mini-headstone/biblical-memorial/curved-top-forever-loved,0,14,0%,12.71
https://forevershining.org/designs/traditional-headstone/husband-memorial/left-wave-devoted-husband-2,0,14,0%,28.64
https://forevershining.org/designs/traditional-headstone/memorial/headstone-25-memorial,0,14,0%,31
https://forevershining.org/designs/traditional-headstone/religious-memorial/serpentine-flower-heart-3,0,14,0%,60.86
https://forevershining.org/designs/laser-etched-headstone/biblical-memorial/serpentine-2-corinthians-5,0,13,0%,4.62
https://forevershining.org/designs/bronze-plaque/son-memorial/bronze-plaque-beloved-son,0,13,0%,10
https://forevershining.org/designs/laser-etched-headstone/nurse-memorial/curved-top-nurse-headstone,0,13,0%,10.08
https://forevershining.org/designs/traditional-headstone/husband-memorial/serpentine-fish-flower,0,13,0%,27.62
https://forevershining.org/designs/traditional-headstone/father-memorial/headstone-10-loving-father,0,13,0%,38.38
https://forevershining.org/designs/stainless-steel-plaque/religious-memorial/stainless-steel-plaque-your-wings-were-ready-but-our-hearts-were-not,0,12,0%,5.83
https://forevershining.org/designs/laser-etched-headstone/biblical-memorial/curved-gable-trust-in-the-lord-with-all-your-heart,0,12,0%,6.92
https://forevershining.org/designs/laser-etched-headstone/dove-memorial/curved-top-birds-dove,0,12,0%,10.67
https://forevershining.org/designs/traditional-headstone/dove-memorial/gable-in-loving-memory-headstone,0,12,0%,11.67
https://forevershining.org/designs/laser-etched-headstone/religious-memorial/square-psalm-23,0,12,0%,18.25
https://forevershining.org/designs/laser-etched-headstone/religious-memorial/serpentine-together-forever-3,0,12,0%,18.58
https://forevershining.org/designs/traditional-headstone/mother-memorial/curved-top-in-loving-memory-9,0,12,0%,56
https://forevershining.org/designs/laser-etched-headstone/butterfly-memorial/half-round-in-loving-memory,0,11,0%,5.45
https://forevershining.org/designs/laser-etched-headstone/baby-memorial/half-round-safe-in-the-arms-of-jesus,0,11,0%,6.27
https://forevershining.org/designs/bronze-plaque/dove-memorial/rectangle-landscape-forever-in-our-hearts-41,0,11,0%,7.45
https://forevershining.org/designs/mini-headstone/memorial/gable-teddy-bear,0,11,0%,7.45
https://forevershining.org/designs/laser-etched-headstone/religious-memorial/curved-top-gone-but-never-forgotten-3,0,11,0%,7.82
https://forevershining.org/designs/laser-etched-headstone/in-loving-memory/cropped-peak-in-loving-memory,0,11,0%,9
https://forevershining.org/designs/traditional-headstone/religious-memorial/serpentine-cross-flower-6,0,11,0%,10.45
https://forevershining.org/designs/laser-etched-headstone/biblical-memorial/curved-top-until-we-meet-again,0,11,0%,18.64
https://forevershining.org/designs/bronze-plaque/in-loving-memory/landscape-in-loving-memory-plaque,0,11,0%,22.73
https://forevershining.org/designs/bronze-plaque/service-memorial/square-service-plaque,0,11,0%,49.27
https://forevershining.org/designs/traditional-headstone/biblical-memorial/serpentine-john-3-16,0,10,0%,3.8
https://forevershining.org/designs/laser-etched-headstone/dove-memorial/serpentine-dove,0,10,0%,5
https://forevershining.org/designs/pets/memorial/half-round-jude,0,10,0%,5.6
https://forevershining.org/designs/bronze-plaque/wife-memorial/bronze-plaque-loving-wife-plaque,0,10,0%,6.2
https://forevershining.org/designs/laser-colour-plaque/rest-in-peace/rectangle-portrait-rest-in-peace-3,0,10,0%,6.9
https://forevershining.org/designs/pets/butterfly-memorial/headstone-45-butterflies-flower,0,10,0%,7.6
https://forevershining.org/designs/guide/cemetery-regulations,0,10,0%,7.8
https://forevershining.org/designs/laser-etched-headstone/butterfly-memorial/headstone-27-butterflies-turtle,0,10,0%,8.4
https://forevershining.org/designs/traditional-headstone/biblical-memorial/curved-top-for-god-so-loved-the-world,0,10,0%,8.5
https://forevershining.org/designs/laser-etched-headstone/daughter-memorial/square-your-wings-were-ready-but-our-hearts-were-not,0,10,0%,9.3
https://forevershining.org/designs/laser-etched-headstone/religious-memorial/right-wave-angel-butterflies,0,10,0%,9.5
https://forevershining.org/designs/laser-etched-headstone/father-memorial/serpentine-cross-2,0,10,0%,9.6
https://forevershining.org/designs/laser-etched-headstone/religious-memorial/curved-gable-john,0,10,0%,10.1
https://forevershining.org/designs/laser-etched-headstone/memorial/headstone-3-elephant,0,10,0%,31.9
https://forevershining.org/designs/laser-etched-headstone/butterfly-memorial/headstone-27-forever-in-our-hearts,0,9,0%,5.11
https://forevershining.org/designs/traditional-headstone/memorial/headstone-27-duck,0,9,0%,6.11
https://forevershining.org/designs/laser-etched-headstone/wife-memorial/half-round-your-life-was-a-blessing-2,0,9,0%,6.78
https://forevershining.org/designs/stainless-steel-plaque/floral-memorial/stainless-steel-plaque-rose,0,9,0%,7.11
https://forevershining.org/designs/mini-headstone/maori-memorial/half-round-maori,0,9,0%,7.22
https://forevershining.org/designs/bronze-plaque/butterfly-memorial,0,9,0%,8
https://forevershining.org/designs/mini-headstone/memorial/serpentine-duck,0,9,0%,8.11
https://forevershining.org/designs/traditional-headstone/doctor-memorial/headstone-25-nu-va-vom-uita-niciodata,0,9,0%,8.33
https://forevershining.org/designs/traditional-headstone/daughter-memorial,0,9,0%,8.44
https://forevershining.org/designs/traditional-headstone/sister-memorial/headstone-27-sister,0,9,0%,8.89
https://forevershining.org/designs/laser-etched-headstone/memorial/serpentine-owl,0,9,0%,11.78
https://forevershining.org/designs/bronze-plaque/father-memorial/bronze-plaque-father,0,9,0%,11.89
https://forevershining.org/designs/laser-etched-headstone/dove-memorial/serpentine-in-loving-memory-55,0,9,0%,12.78
https://forevershining.org/designs/bronze-plaque/maori-memorial/rectangle-portrait-maori-plaque,0,9,0%,13.44
https://forevershining.org/designs/bronze-plaque/service-memorial/rectangle-portrait-timothy,0,9,0%,13.67
https://forevershining.org/designs/traditional-plaque/floral-memorial/rectangle-landscape-dove-flower,0,9,0%,17.67
https://forevershining.org/designs/traditional-headstone/father-memorial/curved-gable-loving-father,0,9,0%,64.89
https://forevershining.org/designs/laser-etched-headstone/religious-memorial/serpentine-fought-the-good-fight-10,0,8,0%,2.88
https://forevershining.org/designs/laser-etched-headstone/religious-memorial/headstone-27-butterflies-cross,0,8,0%,4
https://forevershining.org/designs/traditional-headstone/biblical-memorial/headstone-27-the-lord-is-my-shepherd-i-shall-not-want,0,8,0%,4.62
https://forevershining.org/designs/laser-etched-headstone/religious-memorial/headstone-27-in-gods-hands,0,8,0%,4.75
https://forevershining.org/designs/laser-etched-headstone/in-loving-memory/curved-top-in-loving-memory-5,0,8,0%,5.38
https://forevershining.org/designs/laser-etched-headstone/wife-memorial/curved-top-forever-in-our-hearts-6,0,8,0%,5.5
https://forevershining.org/designs/bronze-plaque/memorial/square-bird-dog,0,8,0%,6.25
https://forevershining.org/designs/traditional-headstone/biblical-memorial/square-absent-from-the-body-present-with-the-lord-headstone,0,8,0%,6.38
https://forevershining.org/designs/stainless-steel-plaque/floral-memorial/rectangle-landscape-flower-flowers-5,0,8,0%,6.62
https://forevershining.org/designs/bronze-plaque/teacher-memorial/rectangle-portrait-teacher,0,8,0%,6.88
https://forevershining.org/designs/laser-etched-headstone/islamic-memorial/headstone-20-forever-loved,0,8,0%,7.5
https://forevershining.org/designs/laser-etched-headstone/memorial/left-wave-flower,0,8,0%,7.5
https://forevershining.org/designs/laser-etched-headstone/memorial/headstone-19-anchor,0,8,0%,7.88
https://forevershining.org/designs/pets/pet-memorial/rectangle-landscape-forever-remembered-plaque,0,8,0%,7.88
https://forevershining.org/designs/pets/pet-memorial/cat-bowl-dearly-loved,0,8,0%,8.12
https://forevershining.org/designs/laser-etched-headstone/memorial/headstone-3-elephant-headstone,0,8,0%,9
https://forevershining.org/designs/traditional-monument/biblical-memorial/headstone-22-forever-in-our-hearts,0,8,0%,9.12
https://forevershining.org/designs/laser-colour-plaque/memorial/square-dolphin,0,8,0%,9.88
https://forevershining.org/designs/laser-etched-headstone/dove-memorial/right-wave-dove-flower-headstone,0,8,0%,10.25
https://forevershining.org/designs/traditional-headstone/memorial/serpentine-swan-headstone,0,8,0%,10.38
https://forevershining.org/designs/laser-etched-headstone/religious-memorial/curved-gable-forever-remembered,0,8,0%,11.62
https://forevershining.org/designs/traditional-monument/rest-in-peace/serpentine-rest-in-peace-monument,0,8,0%,13.5
https://forevershining.org/designs/laser-etched-headstone/in-loving-memory/serpentine-in-loving-memory-115,0,8,0%,14.75
https://forevershining.org/designs/traditional-headstone,0,8,0%,33.12
https://forevershining.org/designs/laser-etched-headstone/religious-memorial/serpentine-in-loving-memory-101,0,8,0%,39.75
https://forevershining.org/designs/bronze-plaque/service-memorial/bronze-plaque-service,0,8,0%,42
https://forevershining.org/designs/bronze-plaque/in-loving-memory/square-treasured-memories,0,8,0%,43.38
https://forevershining.org/designs/laser-etched-headstone/service-memorial/headstone-12-dog,0,8,0%,55.25
https://forevershining.org/designs/laser-etched-headstone/in-loving-memory/curved-top-in-loving-memory-11,0,7,0%,2.29
https://forevershining.org/designs/laser-etched-headstone/memorial/curved-top-butterflies-cat,0,7,0%,3.71
https://forevershining.org/designs/traditional-headstone/floral-memorial/square-flower-flowers-2,0,7,0%,4.14
https://forevershining.org/designs/laser-etched-headstone/in-loving-memory/curved-gable-forever-in-our-hearts,0,7,0%,4.86
https://forevershining.org/designs/bronze-plaque/butterfly-memorial/bronze-plaque-gone-but-not-forgotten-4,0,7,0%,5.57
https://forevershining.org/designs/laser-etched-headstone/dove-memorial/headstone-27-dove-horse,0,7,0%,6.43
https://forevershining.org/designs/laser-etched-headstone/memorial/serpentine-bird-3,0,7,0%,6.71
https://forevershining.org/designs/traditional-headstone/father-memorial/serpentine-lords-prayer,0,7,0%,6.86
https://forevershining.org/designs/laser-etched-headstone/religious-memorial/headstone-2-cross,0,7,0%,7.14
https://forevershining.org/designs/traditional-headstone/memorial/headstone-27-teddy-bear,0,7,0%,7.29
https://forevershining.org/designs/traditional-headstone/religious-memorial/serpentine-cross-flower,0,7,0%,7.29
https://forevershining.org/designs/laser-etched-headstone/biblical-memorial/serpentine-i-am-the-resurrection-and-the-life-headstone,0,7,0%,7.43
https://forevershining.org/designs/laser-etched-headstone/religious-memorial/serpentine-birds-cross-2,0,7,0%,7.71
https://forevershining.org/designs/traditional-plaque/father-memorial/square-father,0,7,0%,7.71
https://forevershining.org/designs/bronze-plaque/dove-memorial/bronze-plaque-in-loving-memory-29,0,7,0%,8.43
https://forevershining.org/designs/bronze-plaque/husband-memorial/rectangle-landscape-loving-husband-plaque,0,7,0%,8.43
https://forevershining.org/designs/laser-monument/rest-in-peace,0,7,0%,8.43
https://forevershining.org/designs/bronze-plaque/mother-memorial/bronze-plaque-mother-plaque,0,7,0%,9.57
https://forevershining.org/designs/traditional-headstone/music-memorial,0,7,0%,9.86
https://forevershining.org/designs/bronze-plaque/religious-memorial/bronze-plaque-in-loving-memory-20,0,7,0%,10.29
https://forevershining.org/designs/bronze-plaque/rest-in-peace/bronze-plaque-rest-in-peace-plaque,0,7,0%,12.57
https://forevershining.org/designs/legacy-plaque/husband-memorial/rectangle-portrait-loving-husband-plaque,0,7,0%,12.57
https://forevershining.org/designs/laser-monument/memorial/square-memorial-monument,0,7,0%,13.14
https://forevershining.org/designs/traditional-monument/wife-memorial/serpentine-cross-dove-monument,0,7,0%,14.29
https://forevershining.org/designs/legacy-full-monument/dove-memorial/serpentine-dove-flower-monument,0,7,0%,16.57
https://forevershining.org/designs/laser-etched-headstone/biblical-memorial/serpentine-corinthians-13,0,7,0%,16.71
https://forevershining.org/designs/legacy-design/dove-memorial,0,7,0%,17
https://forevershining.org/designs/mini-headstone/maori-memorial,0,7,0%,17.57
https://forevershining.org/designs/legacy-full-monument/psalm-23-memorial/serpentine-the-lord-is-my-shepherd-i-shall-not-want-monument,0,7,0%,23.71
https://forevershining.org/designs/traditional-headstone/in-loving-memory/curved-peak-in-loving-memory-headstone,0,7,0%,43
https://forevershining.org/designs/laser-etched-headstone/memorial/headstone-21-gone-but-not-forgotten,0,7,0%,43.57
https://forevershining.org/designs/laser-etched-headstone/brother-memorial/headstone-27-in-loving-memory-25,0,7,0%,45
https://forevershining.org/designs/laser-etched-headstone/father-memorial/curved-top-john,0,7,0%,46.29
https://forevershining.org/designs/laser-etched-headstone/memorial/square-cherished-memories,0,7,0%,50
https://forevershining.org/designs/stainless-steel-plaque/brother-memorial/square-forever-in-our-hearts-12,0,6,0%,4
https://forevershining.org/designs/laser-etched-headstone/memorial/curved-top-birds-headstone,0,6,0%,4.5
https://forevershining.org/designs/traditional-headstone/rest-in-peace/gable-rest-in-peace,0,6,0%,4.83
https://forevershining.org/designs/bronze-plaque/hawaiian-memorial/rectangle-landscape-aloha-plaque,0,6,0%,6
https://forevershining.org/designs/laser-etched-headstone/wife-memorial/square-devoted-mother-2,0,6,0%,6
https://forevershining.org/designs/laser-etched-headstone/memorial/rectangle-cherished-memories-headstone,0,6,0%,6.5
https://forevershining.org/designs/laser-etched-headstone/religious-memorial/curved-top-in-loving-memory-13,0,6,0%,6.5
https://forevershining.org/designs/pets/pet-memorial/bone-dog,0,6,0%,6.5
https://forevershining.org/designs/traditional-headstone/father-memorial/cropped-peak-loved-by-many-feared-by-most-respected-by-all,0,6,0%,6.5
https://forevershining.org/designs/laser-etched-headstone/biblical-memorial/half-round-corinthians-13,0,6,0%,6.67
https://forevershining.org/designs/pets/pet-memorial/gable-cat-fish,0,6,0%,7.33
https://forevershining.org/designs/traditional-headstone/religious-memorial/serpentine-bird-cross-9,0,6,0%,7.5
https://forevershining.org/designs/bronze-plaque/memorial/bronze-plaque-gone-but-not-forgotten-5,0,6,0%,7.67
https://forevershining.org/designs/laser-etched-headstone/memorial/left-wave-bird-birds,0,6,0%,8
https://forevershining.org/designs/bronze-plaque/doctor-memorial/square-doctor,0,6,0%,8.17
https://forevershining.org/designs/laser-monument/in-loving-memory/serpentine-much-loved-monument,0,6,0%,8.33
https://forevershining.org/designs/bronze-plaque/biblical-memorial/square-john-3,0,6,0%,8.67
https://forevershining.org/designs/traditional-headstone/religious-memorial/headstone-27-in-loving-memory-16,0,6,0%,8.67
https://forevershining.org/designs/laser-etched-headstone/memorial/headstone-6-bird-horse,0,6,0%,8.83
https://forevershining.org/designs/laser-etched-headstone/religious-memorial/headstone-27-cross-heart,0,6,0%,9
https://forevershining.org/designs/laser-monument/daughter-memorial/serpentine-daughter-monument,0,6,0%,11
https://forevershining.org/designs/bronze-plaque/father-memorial/rectangle-landscape-devoted-father,0,6,0%,11.5
https://forevershining.org/designs/stainless-steel-plaque/religious-memorial/stainless-steel-plaque-forever-in-our-hearts,0,6,0%,11.67
https://forevershining.org/designs/traditional-headstone/military-veteran/headstone-27-bird-flower,0,6,0%,12
https://forevershining.org/designs/bronze-plaque/father-memorial/bronze-plaque-forever-loved,0,6,0%,12.83
https://forevershining.org/designs/bronze-plaque/wife-memorial/bronze-plaque-loving-mother,0,6,0%,14.17
https://forevershining.org/designs/bronze-plaque/dove-memorial/square-dove-fish,0,6,0%,15.33
https://forevershining.org/designs/traditional-headstone/biblical-memorial/serpentine-i-shall-dwell-in-the-house-of-the-lord-forever-headstone,0,6,0%,16
https://forevershining.org/designs/laser-etched-headstone/music-memorial/headstone-25-forever-in-our-hearts-headstone,0,6,0%,17.83
https://forevershining.org/designs/laser-etched-headstone/biblical-memorial/headstone-6-loving-father-headstone,0,6,0%,19.17
https://forevershining.org/designs/traditional-headstone/mother-memorial/right-wave-birds-cross,0,6,0%,19.17
https://forevershining.org/designs/traditional-headstone/in-loving-memory/headstone-27-always-in-our-hearts-3,0,6,0%,21.5
https://forevershining.org/designs/mini-headstone/biblical-memorial/curved-top-luke,0,6,0%,21.83
https://forevershining.org/designs/laser-monument/religious-memorial/headstone-19-in-loving-memory,0,6,0%,28.67
https://forevershining.org/designs/traditional-headstone/in-loving-memory,0,6,0%,28.67
https://forevershining.org/designs/laser-etched-headstone/father-memorial/rectangle-soulmate,0,6,0%,55.33
https://forevershining.org/designs/bronze-plaque/in-loving-memory/circle-in-loving-memory,0,5,0%,2.2
https://forevershining.org/designs/bronze-plaque/wife-memorial/rectangle-landscape-forever-loved-4,0,5,0%,4
https://forevershining.org/designs/mini-headstone/in-loving-memory/left-wave-dolphin,0,5,0%,4.4
https://forevershining.org/designs/stainless-steel-plaque/memorial/stainless-steel-plaque-dolphin,0,5,0%,4.8
https://forevershining.org/designs/laser-etched-headstone/husband-memorial/curved-top-absent-from-the-body-present-with-the-lord,0,5,0%,5
https://forevershining.org/designs/laser-etched-headstone/rest-in-peace/curved-gable-rest-in-peace-3,0,5,0%,5
https://forevershining.org/designs/mini-headstone/brother-memorial/curved-gable-no-more-pain,0,5,0%,5
https://forevershining.org/designs/bronze-plaque/in-loving-memory/rectangle-landscape-forever-in-our-hearts-2,0,5,0%,5.4
https://forevershining.org/designs/laser-etched-headstone/rest-in-peace/cropped-peak-flower-headstone,0,5,0%,5.4
https://forevershining.org/designs/traditional-headstone/husband-memorial/headstone-4-loving-husband,0,5,0%,5.4
https://forevershining.org/designs/bronze-plaque/wife-memorial/rectangle-landscape-devoted-wife,0,5,0%,5.6
https://forevershining.org/designs/full-colour-plaque/in-loving-memory/full-colour-plaque-forever-in-our-hearts,0,5,0%,5.6
https://forevershining.org/designs/laser-etched-headstone/memorial/right-wave-swan,0,5,0%,5.8
https://forevershining.org/designs/traditional-monument/dove-memorial/serpentine-in-loving-memory-21,0,5,0%,6
https://forevershining.org/designs/laser-etched-headstone/religious-memorial/serpentine-angel-2,0,5,0%,6.2
https://forevershining.org/designs/laser-etched-headstone/dove-memorial/serpentine-bird-4,0,5,0%,6.4
https://forevershining.org/designs/traditional-headstone/religious-memorial/serpentine-angel,0,5,0%,6.4
https://forevershining.org/designs/bronze-plaque/teacher-memorial,0,5,0%,6.8
https://forevershining.org/designs/bronze-plaque/memorial/rectangle-portrait-horse,0,5,0%,7.2
https://forevershining.org/designs/laser-etched-headstone/religious-memorial/serpentine-in-loving-memory-48,0,5,0%,7.6
https://forevershining.org/designs/legacy-full-monument/wife-memorial/serpentine-forever-in-our-hearts-15,0,5,0%,7.6
https://forevershining.org/designs/bronze-plaque/dove-memorial/bronze-plaque-bird-plaque,0,5,0%,7.8
https://forevershining.org/designs/pets/memorial/bronze-plaque-dog,0,5,0%,7.8
https://forevershining.org/designs/laser-etched-headstone/floral-memorial/headstone-27-flower-flowers,0,5,0%,8
https://forevershining.org/designs/laser-etched-headstone/music-memorial/headstone-7-music,0,5,0%,8.2
https://forevershining.org/designs/laser-etched-headstone/brother-memorial/square-brother-headstone,0,5,0%,8.4
https://forevershining.org/designs/laser-etched-headstone/wife-memorial/curved-top-loving-wife-2,0,5,0%,8.6
https://forevershining.org/designs/laser-etched-headstone/butterfly-memorial/curved-gable-bird-butterflies,0,5,0%,9
https://forevershining.org/designs/laser-etched-headstone/butterfly-memorial/serpentine-bird-butterflies-4,0,5,0%,9
https://forevershining.org/designs/bronze-plaque/memorial/bronze-plaque-bird,0,5,0%,9.2
https://forevershining.org/designs/traditional-headstone/baby-memorial/square-bird-flower,0,5,0%,9.2
https://forevershining.org/designs/traditional-headstone/memorial/serpentine-fish-giraffe,0,5,0%,9.2
https://forevershining.org/designs/pets/pet-memorial/paw-dog,0,5,0%,9.4
https://forevershining.org/designs/laser-etched-headstone/biblical-memorial/headstone-38-in-loving-memory,0,5,0%,9.6
https://forevershining.org/designs/bronze-plaque/religious-memorial/bronze-plaque-mark-plaque,0,5,0%,10
https://forevershining.org/designs/laser-etched-headstone/memorial/serpentine-fish-headstone,0,5,0%,10
https://forevershining.org/designs/traditional-headstone/garden-memorial/serpentine-cross-flower-4,0,5,0%,12.2
https://forevershining.org/designs/laser-etched-headstone/memorial/serpentine-for-god-so-loved-the-world,0,5,0%,12.6
https://forevershining.org/designs/laser-etched-headstone/biblical-memorial/headstone-27-surely-goodness-and-mercy-shall-follow-me,0,5,0%,12.8
https://forevershining.org/designs/laser-etched-headstone/memorial/serpentine-fish,0,5,0%,13
https://forevershining.org/designs/pets/pet-memorial/rectangle-175x125-james,0,5,0%,13.4
https://forevershining.org/designs/traditional-headstone/floral-memorial/serpentine-flower-flowers-5,0,5,0%,14.6
https://forevershining.org/designs/laser-etched-headstone/biblical-memorial/headstone-36-in-loving-memory-2,0,5,0%,15.2
https://forevershining.org/designs/bronze-plaque/child-memorial/rectangle-landscape-in-loving-memory-54,0,5,0%,16.4
https://forevershining.org/designs/traditional-headstone/religious-memorial/serpentine-angel-bird-4,0,5,0%,16.4
https://forevershining.org/designs/laser-etched-headstone/dove-memorial/left-wave-dove-headstone,0,5,0%,18.6
https://forevershining.org/designs/laser-colour-plaque/military-veteran/square-loving-wife,0,5,0%,23
https://forevershining.org/designs/laser-etched-headstone/military-veteran/serpentine-military-veteran-headstone,0,5,0%,23.4
https://forevershining.org/designs/traditional-headstone/wife-memorial/curved-top-loving-wife,0,5,0%,23.6
https://forevershining.org/designs/laser-etched-headstone/child-memorial/headstone-38-butterflies,0,5,0%,23.8
https://forevershining.org/products/laser-etched-black-granite-headstone,0,5,0%,25
https://forevershining.org/designs/laser-etched-headstone/garden-memorial/headstone-36-james,0,5,0%,25.4
https://forevershining.org/designs/bronze-plaque/memorial/rectangle-landscape-rectangle-landscape-rectangle-landscape-rectangle-12,0,5,0%,35.2
https://forevershining.org/designs/traditional-headstone/dove-memorial/square-in-loving-memory-52,0,5,0%,35.2
https://forevershining.org/designs/laser-etched-headstone/mother-memorial/headstone-45-beloved-sister,0,5,0%,36
https://forevershining.org/designs/traditional-headstone/in-loving-memory/left-wave-treasured-memories,0,5,0%,36.6
https://forevershining.org/designs/laser-etched-headstone/father-memorial/serpentine-in-loving-memory-38,0,5,0%,40.2
https://forevershining.org/designs/stainless-steel-plaque/memorial/rectangle-landscape-sun,0,5,0%,48
https://forevershining.org/designs/laser-etched-headstone/religious-memorial/headstone-27-in-loving-memory-19,0,5,0%,50.8
https://forevershining.org/designs/laser-etched-headstone/biblical-memorial/curved-top-in-loving-memory-3,0,5,0%,51.6
https://forevershining.org/designs/laser-etched-headstone/mother-memorial/square-dove-3,0,5,0%,56.2
https://forevershining.org/designs/traditional-plaque/jewish-memorial/square-forever-loved-3,0,5,0%,59.6
https://forevershining.org/designs/bronze-plaque/dove-memorial/rectangle-landscape-in-loving-memory-36,0,4,0%,1.5
https://forevershining.org/designs/laser-etched-headstone/biblical-memorial/serpentine-psalm-139,0,4,0%,3.75
https://forevershining.org/designs/laser-etched-headstone/father-memorial/serpentine-in-loving-memory-79,0,4,0%,3.75
https://forevershining.org/designs/laser-monument/in-loving-memory/serpentine-in-loving-memory-40,0,4,0%,3.75
https://forevershining.org/designs/laser-etched-headstone/garden-memorial/serpentine-always-in-our-hearts-2,0,4,0%,4
https://forevershining.org/designs/laser-etched-headstone/son-memorial/left-wave-teddy-bear,0,4,0%,4
https://forevershining.org/designs/laser-etched-headstone/wife-memorial/half-round-loving-wife-headstone,0,4,0%,4
https://forevershining.org/designs/laser-etched-headstone/wife-memorial/rectangle-devoted-wife,0,4,0%,4
https://forevershining.org/designs/laser-etched-headstone/biblical-memorial/square-faith-hope-and-love,0,4,0%,4.25
https://forevershining.org/designs/laser-etched-headstone/biblical-memorial/square-my-redeemer-lives,0,4,0%,4.25
https://forevershining.org/designs/bronze-plaque/husband-memorial,0,4,0%,4.5
https://forevershining.org/designs/laser-etched-headstone/mother-memorial/curved-gable-rest-in-peace-headstone,0,4,0%,4.75
https://forevershining.org/designs/laser-etched-headstone/religious-memorial/serpentine-bird-cross-headstone,0,4,0%,4.75
https://forevershining.org/designs/mini-headstone/islamic-memorial/curved-top-flower-headstone,0,4,0%,5
https://forevershining.org/designs/legacy-headstone/memorial/right-wave-kangaroo,0,4,0%,5.25
https://forevershining.org/designs/bronze-plaque/father-memorial/bronze-plaque-cross,0,4,0%,5.5
https://forevershining.org/designs/laser-etched-headstone/religious-memorial/square-flower-heart-headstone,0,4,0%,5.5
https://forevershining.org/designs/traditional-headstone/mother-memorial/headstone-27-dove-flower-headstone,0,4,0%,5.75
https://forevershining.org/designs/full-colour-plaque/religious-memorial/full-colour-plaque-bird-plaque,0,4,0%,6.75
https://forevershining.org/designs/pets/pet-memorial/square-horse-monument,0,4,0%,6.75
https://forevershining.org/designs/traditional-headstone/son-memorial/square-beloved-son-6,0,4,0%,6.75
https://forevershining.org/designs/laser-monument/father-memorial/serpentine-beloved-son-12,0,4,0%,7
https://forevershining.org/designs/laser-etched-headstone/mother-memorial/curved-top-rest-in-peace-headstone,0,4,0%,7.25
https://forevershining.org/designs/traditional-headstone/religious-memorial/square-cross-headstone,0,4,0%,7.25
https://forevershining.org/designs/bronze-plaque/teacher-memorial/rectangle-landscape-teacher-plaque,0,4,0%,7.5
https://forevershining.org/designs/laser-etched-headstone/mother-memorial/headstone-32-rest-in-peace,0,4,0%,7.5
https://forevershining.org/designs/traditional-headstone/biblical-memorial/curved-top-in-loving-memory-headstone,0,4,0%,7.5
https://forevershining.org/designs/laser-etched-headstone/religious-memorial/curved-gable-flower,0,4,0%,7.75
https://forevershining.org/designs/laser-etched-headstone/wife-memorial/serpentine-devoted-husband,0,4,0%,7.75
https://forevershining.org/designs/legacy-product/butterfly-memorial,0,4,0%,7.75
https://forevershining.org/designs/traditional-headstone/memorial/half-round-dolphin,0,4,0%,7.75
https://forevershining.org/designs/traditional-plaque/mother-memorial/square-loving-mother-3,0,4,0%,7.75
https://forevershining.org/designs/laser-etched-headstone/husband-memorial/headstone-27-cherished-memories,0,4,0%,8.25
https://forevershining.org/designs/laser-etched-headstone/service-memorial/serpentine-fought-the-good-fight-9,0,4,0%,8.25
https://forevershining.org/designs/mini-headstone/rest-in-peace,0,4,0%,8.25
https://forevershining.org/designs/traditional-plaque/mother-memorial/square-dog-horse,0,4,0%,8.25
https://forevershining.org/designs/bronze-plaque/mother-memorial/square-bird-fish-plaque,0,4,0%,8.75
https://forevershining.org/designs/laser-etched-headstone/memorial/headstone-30-memorial,0,4,0%,8.75
https://forevershining.org/designs/laser-etched-headstone/religious-memorial/headstone-16-dolphin,0,4,0%,8.75
https://forevershining.org/designs/laser-etched-headstone/sister-memorial/headstone-16-beloved-sister,0,4,0%,8.75
https://forevershining.org/designs/traditional-headstone/son-memorial/half-round-malachi,0,4,0%,8.75
https://forevershining.org/designs/laser-colour-plaque/floral-memorial/rectangle-landscape-flower-flowers-2,0,4,0%,9
https://forevershining.org/designs/laser-etched-headstone/dove-memorial/serpentine-in-loving-memory-20,0,4,0%,9
https://forevershining.org/designs/bronze-plaque/father-memorial/oval-portrait-birds-flower,0,4,0%,9.25
https://forevershining.org/designs/pets/memorial/bronze-plaque-bird-butterflies,0,4,0%,9.25
https://forevershining.org/designs/bronze-plaque/memorial/square-heart-plaque,0,4,0%,9.5
https://forevershining.org/designs/laser-etched-headstone/memorial/headstone-15-anchor-flower,0,4,0%,9.5
https://forevershining.org/designs/laser-monument/mother-memorial/headstone-14-beloved-daughter,0,4,0%,9.5
https://forevershining.org/designs/stainless-steel-plaque/daughter-memorial/rectangle-landscape-forever-in-our-hearts-39,0,4,0%,9.5
https://forevershining.org/designs/traditional-headstone/religious-memorial/curved-top-until-we-meet-again-headstone,0,4,0%,9.5
https://forevershining.org/designs/traditional-headstone/rest-in-peace/curved-top-forever-in-our-hearts,0,4,0%,9.5
https://forevershining.org/designs/laser-etched-headstone/memorial/headstone-27-heart-5,0,4,0%,10.25
https://forevershining.org/designs/traditional-headstone/memorial/serpentine-memorial-6,0,4,0%,10.75
https://forevershining.org/designs/bronze-plaque/memorial/bronze-plaque-heart-plaque,0,4,0%,11
https://forevershining.org/designs/bronze-plaque/memorial/square-dog-plaque,0,4,0%,13
https://forevershining.org/designs/mini-headstone/military-veteran,0,4,0%,13.25
https://forevershining.org/designs/laser-etched-headstone/son-memorial/serpentine-joel,0,4,0%,13.75
https://forevershining.org/designs/traditional-headstone/son-memorial/serpentine-beloved-son-4,0,4,0%,14.5
https://forevershining.org/designs/bronze-plaque/memorial/square-heart,0,4,0%,15.5
https://forevershining.org/designs/laser-colour-plaque/memorial/rectangle-landscape-rectangle-landscape-rectangle-landscape-rectangle-16,0,4,0%,20.75
https://forevershining.org/designs/laser-etched-headstone/religious-memorial/serpentine-cross-dove-5,0,4,0%,32
https://forevershining.org/designs/laser-etched-headstone/music-memorial/curved-top-star,0,4,0%,40.75
https://forevershining.org/designs/bronze-plaque/biblical-memorial/bronze-plaque-wonderful-mum,0,4,0%,41.5
https://forevershining.org/laser-etched-black-granite-full-monument/select-shape,0,4,0%,46
https://forevershining.org/designs/bronze-plaque/memorial/bronze-plaque-memorial-2,0,4,0%,52.25
https://forevershining.org/designs/bronze-plaque/service-memorial/rectangle-landscape-service,0,4,0%,55.25
https://forevershining.org/designs/laser-etched-headstone/religious-memorial/square-dove-headstone,0,4,0%,61.25
https://forevershining.org/designs/laser-etched-headstone/dove-memorial/square-anchor-bird,0,3,0%,1
https://forevershining.org/designs/laser-etched-headstone/husband-memorial/serpentine-devoted-husband-5,0,3,0%,2
https://forevershining.org/designs/laser-monument/wife-memorial,0,3,0%,2.33
https://forevershining.org/designs/traditional-plaque/son-memorial/square-beloved-son,0,3,0%,2.67
https://forevershining.org/designs/traditional-headstone/floral-memorial,0,3,0%,3
https://forevershining.org/designs/laser-etched-headstone/memorial/right-wave-flower-heart,0,3,0%,3.33
https://forevershining.org/designs/full-colour-plaque/mother-memorial/square-dolphin-fish,0,3,0%,3.67
https://forevershining.org/designs/laser-etched-headstone/butterfly-memorial/serpentine-gone-but-not-forgotten-5,0,3,0%,3.67
https://forevershining.org/designs/laser-etched-headstone/religious-memorial/square-fought-the-good-fight,0,3,0%,3.67
https://forevershining.org/designs/traditional-plaque/memorial/rectangle-landscape-eagle,0,3,0%,3.67
https://forevershining.org/designs/laser-etched-headstone/biblical-memorial/headstone-38-1-corinthians-16,0,3,0%,4
https://forevershining.org/designs/laser-etched-headstone/biblical-memorial/serpentine-in-loving-memory-45,0,3,0%,4
https://forevershining.org/designs/laser-etched-headstone/religious-memorial/left-wave-safe-in-the-arms-of-jesus,0,3,0%,4
https://forevershining.org/designs/traditional-headstone/religious-memorial/serpentine-fought-the-good-fight-14,0,3,0%,4
https://forevershining.org/designs/traditional-plaque/memorial/square-heart-2,0,3,0%,4
https://forevershining.org/designs/laser-etched-headstone/mother-memorial/square-cross-dove-5,0,3,0%,4.33
https://forevershining.org/designs/laser-etched-headstone/wife-memorial/headstone-31-loving-wife,0,3,0%,4.33
https://forevershining.org/designs/legacy-full-monument/biblical-memorial/serpentine-beautiful-soul,0,3,0%,4.33
https://forevershining.org/designs/traditional-monument/memorial/cropped-peak-memorial,0,3,0%,4.33
https://forevershining.org/designs/bronze-plaque/biblical-memorial/rectangle-landscape-john-20,0,3,0%,4.67
https://forevershining.org/designs/laser-etched-headstone/dove-memorial/headstone-27-dove-fish-headstone,0,3,0%,4.67
https://forevershining.org/designs/laser-etched-headstone/mother-memorial/curved-top-heart-2,0,3,0%,4.67
https://forevershining.org/designs/laser-etched-headstone/rest-in-peace/serpentine-flower-7,0,3,0%,4.67
https://forevershining.org/designs/legacy-full-monument/military-veteran/curved-gable-military-veteran-monument,0,3,0%,4.67
https://forevershining.org/designs/bronze-plaque/in-loving-memory/bronze-plaque-in-loving-memory-4,0,3,0%,5
https://forevershining.org/designs/laser-etched-headstone/floral-memorial/curved-gable-mark,0,3,0%,5
https://forevershining.org/designs/laser-etched-headstone/in-loving-memory/headstone-45-your-wings-were-ready-but-our-hearts-were-not,0,3,0%,5
https://forevershining.org/designs/laser-monument/rest-in-peace/square-in-loving-memory-monument,0,3,0%,5
https://forevershining.org/designs/pets/religious-memorial/bronze-plaque-loved-and-remembered-plaque,0,3,0%,5
https://forevershining.org/designs/bronze-plaque/brother-memorial/bronze-plaque-in-loving-memory-25,0,3,0%,5.33
https://forevershining.org/designs/laser-etched-headstone/biblical-memorial/curved-gable-proverbs-16,0,3,0%,5.33
https://forevershining.org/designs/laser-etched-headstone/mother-memorial/curved-gable-butterflies-flower,0,3,0%,5.33
https://forevershining.org/designs/traditional-headstone/biblical-memorial/square-absent-from-the-body-present-with-the-lord-2,0,3,0%,5.33
https://forevershining.org/designs/laser-etched-headstone/father-memorial/serpentine-james-3,0,3,0%,5.67
https://forevershining.org/designs/laser-etched-headstone/husband-memorial/curved-top-devoted-husband,0,3,0%,5.67
https://forevershining.org/designs/laser-etched-headstone/memorial/serpentine-duck-headstone,0,3,0%,5.67
https://forevershining.org/designs/laser-etched-headstone/memorial/square-cross-dove-3,0,3,0%,5.67
https://forevershining.org/designs/laser-etched-headstone/wife-memorial/serpentine-devoted-wife,0,3,0%,5.67
https://forevershining.org/designs/traditional-headstone/dove-memorial/right-wave-dove-flower,0,3,0%,5.67
https://forevershining.org/designs/traditional-plaque/mother-memorial/square-forever-in-our-hearts-6,0,3,0%,5.67
https://forevershining.org/designs/laser-etched-headstone/biblical-memorial/curved-gable-proverbs-16-headstone,0,3,0%,6
https://forevershining.org/designs/laser-etched-headstone/islamic-memorial/serpentine-islamic,0,3,0%,6
https://forevershining.org/designs/laser-etched-headstone/wife-memorial/serpentine-devoted-wife-3,0,3,0%,6
https://forevershining.org/designs/laser-etched-headstone/floral-memorial/serpentine-james-10,0,3,0%,6.33
https://forevershining.org/designs/laser-etched-headstone/mother-memorial/headstone-18-angel,0,3,0%,6.33
https://forevershining.org/designs/laser-monument/husband-memorial/serpentine-loving-husband-monument,0,3,0%,6.33
https://forevershining.org/designs/stainless-steel-plaque/in-loving-memory/square-in-loving-memory-32,0,3,0%,6.33
https://forevershining.org/designs/bronze-plaque/biblical-memorial/rectangle-landscape-loving-father-plaque,0,3,0%,6.67
https://forevershining.org/designs/laser-etched-headstone/biblical-memorial/headstone-46-loving-mother,0,3,0%,6.67
https://forevershining.org/designs/legacy-design/mother-memorial/square-loving-mother-2,0,3,0%,6.67
https://forevershining.org/designs/traditional-headstone/memorial/headstone-23-fish,0,3,0%,6.67
https://forevershining.org/designs/laser-etched-headstone/memorial/serpentine-bird-dog,0,3,0%,7
https://forevershining.org/designs/laser-monument/biblical-memorial/cropped-peak-much-loved,0,3,0%,7
https://forevershining.org/designs/laser-colour-plaque/floral-memorial/rectangle-landscape-flower-flowers-plaque,0,3,0%,7.33
https://forevershining.org/designs/laser-etched-headstone/butterfly-memorial/headstone-30-butterflies,0,3,0%,7.33
https://forevershining.org/designs/traditional-headstone/memorial/cropped-peak-memorial-3,0,3,0%,7.33
https://forevershining.org/designs/traditional-headstone/mother-memorial/square-forever-loved-14,0,3,0%,7.33
https://forevershining.org/designs/legacy-full-monument/memorial/headstone-9-memorial,0,3,0%,7.67
https://forevershining.org/designs/pets/memorial/bronze-plaque-horse-rose,0,3,0%,7.67
https://forevershining.org/designs/laser-etched-headstone/daughter-memorial/serpentine-precious-memories-2,0,3,0%,8
https://forevershining.org/designs/legacy-full-monument/memorial/serpentine-memorial-4,0,3,0%,8
https://forevershining.org/designs/legacy-full-monument/mother-memorial/serpentine-kept-the-faith,0,3,0%,8
https://forevershining.org/designs/pets/memorial/serpentine-cat-heart,0,3,0%,8
https://forevershining.org/designs/traditional-headstone/mother-memorial/curved-top-in-loving-memory-18,0,3,0%,8
https://forevershining.org/designs/traditional-plaque/butterfly-memorial/rectangle-landscape-butterflies-2,0,3,0%,8
https://forevershining.org/designs/bronze-plaque/rest-in-peace/bronze-plaque-rest-in-peace-7,0,3,0%,8.33
https://forevershining.org/designs/laser-etched-headstone/father-memorial/left-wave-muched-loved,0,3,0%,8.33
https://forevershining.org/designs/legacy-full-monument/son-memorial/headstone-26-in-loving-memory-2,0,3,0%,8.33
https://forevershining.org/designs/pets/memorial/serpentine-dog-monument,0,3,0%,8.33
https://forevershining.org/designs/traditional-headstone/mother-memorial/curved-gable-cross,0,3,0%,8.33
https://forevershining.org/designs/bronze-plaque/husband-memorial/bronze-plaque-loving-husband,0,3,0%,8.67
https://forevershining.org/designs/bronze-plaque/in-loving-memory/rectangle-landscape-in-loving-memory-19,0,3,0%,8.67
https://forevershining.org/designs/bronze-plaque/religious-memorial/square-always-in-our-hearts-2,0,3,0%,8.67
https://forevershining.org/designs/guide/pricing,0,3,0%,8.67
https://forevershining.org/designs/laser-monument/biblical-memorial/curved-top-john-monument,0,3,0%,8.67
https://forevershining.org/designs/pets/pet-memorial/square-horse-4,0,3,0%,8.67
https://forevershining.org/designs/traditional-headstone/biblical-memorial/serpentine-john,0,3,0%,8.67
https://forevershining.org/designs/bronze-plaque/biblical-memorial/rectangle-landscape-forever-in-our-hearts-24,0,3,0%,9
https://forevershining.org/designs/laser-etched-headstone/baby-memorial/curved-top-baby,0,3,0%,9
https://forevershining.org/designs/traditional-headstone/biblical-memorial/serpentine-matthew-28,0,3,0%,9
https://forevershining.org/designs/traditional-headstone/daughter-memorial/half-round-beloved-daughter,0,3,0%,9
https://forevershining.org/designs/traditional-monument/child-memorial/serpentine-in-loving-memory-67,0,3,0%,9
https://forevershining.org/designs/laser-monument/mother-memorial/serpentine-loving-mother-monument,0,3,0%,9.33
https://forevershining.org/designs/traditional-headstone/butterfly-memorial,0,3,0%,9.33
https://forevershining.org/designs/traditional-monument/mother-memorial/serpentine-dolphin,0,3,0%,9.33
https://forevershining.org/designs/bronze-plaque/daughter-memorial/rectangle-portrait-forever-in-our-hearts-5,0,3,0%,9.67
https://forevershining.org/designs/laser-etched-headstone/in-loving-memory/headstone-19-in-loving-memory-headstone,0,3,0%,9.67
https://forevershining.org/designs/pets/butterfly-memorial,0,3,0%,10
https://forevershining.org/designs/traditional-headstone/mother-memorial/square-dolphin-headstone,0,3,0%,10
https://forevershining.org/designs/bronze-plaque/music-memorial/rectangle-landscape-music,0,3,0%,10.67
https://forevershining.org/designs/bronze-plaque/military-veteran/rectangle-landscape-peter,0,3,0%,11
https://forevershining.org/designs/laser-etched-headstone/in-loving-memory/serpentine-gone-but-not-forgotten,0,3,0%,11
https://forevershining.org/designs/laser-monument/memorial/square-flower-4,0,3,0%,11
https://forevershining.org/designs/legacy-full-monument/music-memorial/headstone-3-music,0,3,0%,11
https://forevershining.org/designs/traditional-headstone/son-memorial/curved-top-forever-in-our-hearts-4,0,3,0%,11
https://forevershining.org/designs/laser-etched-headstone/biblical-memorial/headstone-45-in-loving-memory,0,3,0%,11.33
https://forevershining.org/designs/pets/religious-memorial/serpentine-cat-cross,0,3,0%,12
https://forevershining.org/designs/stainless-steel-plaque/biblical-memorial/stainless-steel-plaque-john-plaque,0,3,0%,12.33
https://forevershining.org/designs/laser-etched-headstone/rest-in-peace/headstone-27-always-in-our-hearts-2,0,3,0%,14.67
https://forevershining.org/designs/stainless-steel-plaque/father-memorial/rectangle-landscape-forever-in-our-hearts-36,0,3,0%,14.67
https://forevershining.org/designs/laser-etched-headstone/biblical-memorial/serpentine-in-loving-memory-128,0,3,0%,16.67
https://forevershining.org/designs/traditional-headstone/father-memorial/cropped-peak-forever-remembered,0,3,0%,18
https://forevershining.org/designs/laser-etched-headstone/butterfly-memorial/serpentine-gone-but-not-forgotten-2,0,3,0%,22.67
https://forevershining.org/designs/stainless-steel-plaque/fishing-memorial/rectangle-landscape-in-loving-memory-88,0,3,0%,23.67
https://forevershining.org/designs/laser-etched-headstone/memorial/headstone-19-memorial,0,3,0%,25.33
https://forevershining.org/designs/laser-etched-headstone/son-memorial/serpentine-beloved-son-18,0,3,0%,25.33
https://forevershining.org/designs/laser-etched-headstone/memorial/headstone-19-samuel,0,3,0%,26.33
https://forevershining.org/designs/laser-etched-headstone/memorial/headstone-27-heart-2,0,3,0%,27.33
https://forevershining.org/designs/bronze-plaque/memorial/bronze-plaque-he-taonga,0,3,0%,29
https://forevershining.org/designs/bronze-plaque/dedication/rectangle-landscape-rectangle-landscape-rectangle-landscape-rectangle-23,0,3,0%,29.33
https://forevershining.org/designs/legacy-full-monument/son-memorial,0,3,0%,30
https://forevershining.org/designs/laser-etched-headstone/floral-memorial/serpentine-dove-flower,0,3,0%,34.67
https://forevershining.org/designs/traditional-headstone/memorial/headstone-21-flower-headstone,0,3,0%,36
https://forevershining.org/designs/laser-etched-headstone/floral-memorial/headstone-44-in-loving-memory,0,3,0%,41.67
https://forevershining.org/designs/laser-etched-headstone/memorial/square-heart-headstone,0,3,0%,49
https://forevershining.org/designs/bronze-plaque/in-loving-memory/bronze-plaque-in-loving-memory,0,3,0%,49.33
https://forevershining.org/designs/laser-colour-plaque/butterfly-memorial/rectangle-portrait-butterflies-dove,0,3,0%,52.33
https://forevershining.org/designs/laser-etched-headstone/husband-memorial/serpentine-forever-in-our-hearts-12,0,3,0%,53
https://forevershining.org/designs/laser-etched-headstone/mother-memorial/serpentine-cross-flower-2,0,3,0%,53
https://forevershining.org/designs/bronze-plaque/in-loving-memory/square-in-loving-memory-19,0,3,0%,62.67
https://forevershining.org/designs/pets/in-loving-memory/rectangle-landscape-in-loving-memory-97,0,3,0%,78.67
https://forevershining.org/designs/laser-etched-headstone/in-loving-memory/headstone-27-beautiful-soul,0,3,0%,79.33
https://forevershining.org/designs/bronze-plaque/in-loving-memory/square-in-loving-memory-12,0,3,0%,82
https://forevershining.org/designs/mini-headstone/rest-in-peace/left-wave-rest-in-peace-2,0,3,0%,90.67
https://forevershining.org/designs/laser-etched-headstone/daughter-memorial/headstone-27-in-loving-memory-20,0,3,0%,93
https://forevershining.org/designs/laser-etched-headstone/maori-memorial/square-until-we-meet-again-7,0,3,0%,94
https://forevershining.org/designs/bronze-plaque/military-veteran/rectangle-portrait-peter-3,0,2,0%,1
https://forevershining.org/designs/laser-etched-headstone/husband-memorial/curved-top-fought-the-good-fight-headstone,0,2,0%,1
https://forevershining.org/designs/laser-etched-headstone/mother-memorial/serpentine-in-loving-memory-97,0,2,0%,1
https://forevershining.org/designs/laser-etched-headstone/religious-memorial/curved-peak-forever-in-our-hearts,0,2,0%,1
https://forevershining.org/designs/laser-etched-headstone/wife-memorial/curved-gable-wife,0,2,0%,1
https://forevershining.org/designs/traditional-headstone/biblical-memorial/serpentine-the-lord-is-my-shepherd-i-shall-not-want,0,2,0%,1
https://forevershining.org/designs/traditional-headstone/dove-memorial/serpentine-dove-7,0,2,0%,1
https://forevershining.org/designs/traditional-plaque/religious-memorial/square-isaiah-62,0,2,0%,1.5
https://forevershining.org/designs/bronze-plaque/dove-memorial/square-james-plaque,0,2,0%,2
https://forevershining.org/designs/laser-colour-plaque/in-loving-memory,0,2,0%,2
https://forevershining.org/designs/laser-etched-headstone/biblical-memorial/square-faith-hope-and-love-headstone,0,2,0%,2
https://forevershining.org/designs/traditional-headstone/religious-memorial/serpentine-angel-bird,0,2,0%,2
https://forevershining.org/designs/bronze-plaque/memorial/bronze-plaque-cat-dog,0,2,0%,2.5
https://forevershining.org/designs/laser-etched-headstone/dove-memorial/peak-bird,0,2,0%,2.5
https://forevershining.org/designs/laser-etched-headstone/son-memorial/serpentine-beloved-son-25,0,2,0%,2.5
https://forevershining.org/designs/laser-etched-headstone/wife-memorial/curved-top-loving-wife-headstone,0,2,0%,2.5
https://forevershining.org/designs/traditional-headstone/biblical-memorial/curved-top-for-god-so-loved-the-world-that-he-gave-his-only-headstone,0,2,0%,2.5
https://forevershining.org/designs/laser-etched-headstone/father-memorial/square-loving-father-headstone,0,2,0%,3
https://forevershining.org/designs/laser-etched-headstone/memorial/curved-gable-cat-flower,0,2,0%,3
https://forevershining.org/designs/laser-etched-headstone/music-memorial/serpentine-isaiah,0,2,0%,3
https://forevershining.org/designs/laser-etched-headstone/religious-memorial/serpentine-together-forever-2,0,2,0%,3
https://forevershining.org/designs/laser-etched-headstone/wife-memorial/headstone-27-your-life-was-a-blessing,0,2,0%,3
https://forevershining.org/designs/traditional-plaque/in-loving-memory/square-hearts,0,2,0%,3
https://forevershining.org/designs/laser-monument/biblical-memorial/serpentine-in-loving-memory-24,0,2,0%,3.5
https://forevershining.org/designs/legacy-full-monument/father-memorial/serpentine-loved-beyond-words-monument,0,2,0%,3.5
https://forevershining.org/designs/pets/memorial/rectangle-125x175-cat-plaque,0,2,0%,3.5
https://forevershining.org/designs/traditional-headstone/in-loving-memory/half-round-in-loving-memory-3,0,2,0%,3.5
https://forevershining.org/designs/traditional-headstone/religious-memorial/curved-gable-philippians-1,0,2,0%,3.5
https://forevershining.org/designs/traditional-headstone/son-memorial/left-wave-beloved-son,0,2,0%,3.5
https://forevershining.org/designs/laser-colour-plaque/rest-in-peace/rectangle-landscape-forever-in-our-hearts-27,0,2,0%,4
https://forevershining.org/designs/laser-etched-headstone/biblical-memorial/cropped-peak-gone-but-never-forgotten,0,2,0%,4
https://forevershining.org/designs/laser-etched-headstone/biblical-memorial/serpentine-in-loving-memory-130,0,2,0%,4
https://forevershining.org/designs/laser-etched-headstone/father-memorial/serpentine-devoted-father-headstone,0,2,0%,4
https://forevershining.org/designs/laser-etched-headstone/in-loving-memory/serpentine-in-loving-memory-109,0,2,0%,4
https://forevershining.org/designs/mini-headstone/father-memorial/serpentine-in-loving-memory-81,0,2,0%,4
https://forevershining.org/designs/bronze-plaque/dove-memorial/bronze-plaque-in-loving-memory-9,0,2,0%,4.5
https://forevershining.org/designs/bronze-plaque/in-loving-memory/square-in-loving-memory-59,0,2,0%,4.5
https://forevershining.org/designs/laser-colour-plaque/memorial/rectangle-landscape-flower-9,0,2,0%,4.5
https://forevershining.org/designs/laser-etched-headstone/biblical-memorial/serpentine-i-shall-dwell-in-the-house-of-the-lord-forever,0,2,0%,4.5
https://forevershining.org/designs/laser-etched-headstone/daughter-memorial/headstone-27-beloved-daughter-headstone,0,2,0%,4.5
https://forevershining.org/designs/laser-etched-headstone/memorial/headstone-6-horse,0,2,0%,4.5
https://forevershining.org/designs/pets/memorial/square-cat-fish,0,2,0%,4.5
https://forevershining.org/designs/stainless-steel-plaque/fishing-memorial/rectangle-landscape-in-loving-memory-25,0,2,0%,4.5
https://forevershining.org/designs/traditional-headstone/mother-memorial/serpentine-cross-dove-headstone,0,2,0%,4.5
https://forevershining.org/designs/traditional-plaque/mother-memorial/square-dove,0,2,0%,4.5
https://forevershining.org/check-price,0,2,0%,5
https://forevershining.org/designs/bronze-plaque/dove-memorial/rectangle-landscape-gentle-soul,0,2,0%,5
https://forevershining.org/designs/bronze-plaque/memorial/rectangle-portrait-flower,0,2,0%,5
https://forevershining.org/designs/bronze-plaque/son-memorial/rectangle-landscape-rest-in-peace-6,0,2,0%,5
https://forevershining.org/designs/bronze-plaque/teacher-memorial/rectangle-landscape-bird-6,0,2,0%,5
https://forevershining.org/designs/bronze-plaque/wife-memorial/bronze-plaque-devoted-wife,0,2,0%,5
https://forevershining.org/designs/bronze-plaque/wife-memorial/bronze-plaque-in-gods-care-plaque,0,2,0%,5
https://forevershining.org/designs/laser-etched-headstone/father-memorial/square-beloved-son-headstone,0,2,0%,5
https://forevershining.org/designs/laser-etched-headstone/military-veteran/serpentine-loving-wife-5,0,2,0%,5
https://forevershining.org/designs/laser-etched-headstone/music-memorial/square-music-headstone,0,2,0%,5
https://forevershining.org/designs/legacy-monument,0,2,0%,5
https://forevershining.org/designs/traditional-plaque/memorial/square-forever-in-our-hearts-plaque,0,2,0%,5
https://forevershining.org/designs/bronze-plaque/biblical-memorial/rectangle-portrait-timothy-plaque,0,2,0%,5.5
https://forevershining.org/designs/bronze-plaque/mother-memorial/rectangle-landscape-in-loving-memory-39,0,2,0%,5.5
https://forevershining.org/designs/laser-colour-plaque/military-veteran,0,2,0%,5.5
https://forevershining.org/designs/laser-etched-headstone/baby-memorial/cropped-peak-forever-loved,0,2,0%,5.5
https://forevershining.org/designs/laser-etched-headstone/husband-memorial/left-wave-husband,0,2,0%,5.5
https://forevershining.org/designs/legacy-full-monument/dove-memorial/serpentine-forever-in-our-hearts-13,0,2,0%,5.5
https://forevershining.org/designs/traditional-headstone/floral-memorial/curved-top-rose,0,2,0%,5.5
https://forevershining.org/designs/bronze-plaque/biblical-memorial/square-peter-plaque,0,2,0%,6
https://forevershining.org/designs/bronze-plaque/father-memorial/rectangle-portrait-butterflies-plaque,0,2,0%,6
https://forevershining.org/designs/bronze-plaque/garden-memorial/rectangle-landscape-joel,0,2,0%,6
https://forevershining.org/designs/laser-etched-headstone/husband-memorial/serpentine-devoted-husband-4,0,2,0%,6
https://forevershining.org/designs/laser-etched-headstone/in-loving-memory/serpentine-in-loving-memory-123,0,2,0%,6
https://forevershining.org/designs/laser-etched-headstone/memorial/peak-cross,0,2,0%,6
https://forevershining.org/designs/laser-etched-headstone/son-memorial/serpentine-your-life-was-a-blessing-3,0,2,0%,6
https://forevershining.org/designs/laser-etched-headstone/wife-memorial/serpentine-devoted-wife-2,0,2,0%,6
https://forevershining.org/designs/legacy-design/mother-memorial/square-devoted-mother,0,2,0%,6
https://forevershining.org/designs/mini-headstone/rest-in-peace/right-wave-until-we-meet-again,0,2,0%,6
https://forevershining.org/designs/traditional-headstone/biblical-memorial/serpentine-john-8,0,2,0%,6
https://forevershining.org/designs/traditional-headstone/mother-memorial/curved-top-in-loving-memory-17,0,2,0%,6
https://forevershining.org/designs/traditional-monument/dove-memorial,0,2,0%,6
https://forevershining.org/designs/bronze-plaque/garden-memorial/rectangle-landscape-flower-11,0,2,0%,6.5
https://forevershining.org/designs/laser-etched-headstone/dove-memorial/serpentine-always-in-our-hearts-7,0,2,0%,6.5
https://forevershining.org/designs/laser-etched-headstone/father-memorial/serpentine-in-loving-memory-7,0,2,0%,6.5
https://forevershining.org/designs/laser-etched-headstone/father-memorial/serpentine-peter-3,0,2,0%,6.5
https://forevershining.org/designs/laser-etched-headstone/son-memorial/serpentine-cross-dove-3,0,2,0%,6.5
https://forevershining.org/designs/legacy-full-monument/daughter-memorial/square-beloved-son-monument,0,2,0%,6.5
https://forevershining.org/designs/traditional-headstone/religious-memorial/headstone-21-until-we-meet-again,0,2,0%,6.5
https://forevershining.org/designs/traditional-plaque/butterfly-memorial,0,2,0%,6.5
https://forevershining.org/designs/bronze-plaque/music-memorial,0,2,0%,7
https://forevershining.org/designs/bronze-plaque/teacher-memorial/square-teacher,0,2,0%,7
https://forevershining.org/designs/laser-colour-plaque/religious-memorial/rectangle-landscape-fought-the-good-fight-2,0,2,0%,7
https://forevershining.org/designs/laser-etched-headstone/baby-memorial/headstone-43-until-we-meet-again,0,2,0%,7
https://forevershining.org/designs/laser-monument/floral-memorial,0,2,0%,7
https://forevershining.org/designs/legacy-full-monument/religious-memorial/serpentine-fought-the-good-fight-5,0,2,0%,7
https://forevershining.org/designs/bronze-plaque/mother-memorial/bronze-plaque-gone-but-not-forgotten,0,2,0%,7.5
https://forevershining.org/designs/bronze-plaque/rest-in-peace/bronze-plaque-rest-in-peace-2,0,2,0%,7.5
https://forevershining.org/designs/bronze-plaque/teacher-memorial/rectangle-landscape-teacher-2,0,2,0%,7.5
https://forevershining.org/designs/laser-colour-plaque/biblical-memorial/rectangle-landscape-joel-plaque,0,2,0%,7.5
https://forevershining.org/designs/laser-etched-headstone/dove-memorial/headstone-28-timothy,0,2,0%,7.5
https://forevershining.org/designs/laser-etched-headstone/memorial/square-forever-in-our-hearts-19,0,2,0%,7.5
https://forevershining.org/designs/pets/pet-memorial/rectangle-landscape-rest-in-peace-plaque,0,2,0%,7.5
https://forevershining.org/designs/traditional-headstone/floral-memorial/serpentine-forever-in-our-hearts-25,0,2,0%,7.5
https://forevershining.org/designs/bronze-plaque/dove-memorial/rectangle-landscape-bird-4,0,2,0%,8
https://forevershining.org/designs/laser-colour-plaque/wife-memorial/square-safe-in-the-arms-of-jesus,0,2,0%,8
https://forevershining.org/designs/laser-etched-headstone/biblical-memorial/headstone-24-beloved-son,0,2,0%,8
https://forevershining.org/designs/laser-etched-headstone/husband-memorial/serpentine-loving-husband-3,0,2,0%,8
https://forevershining.org/designs/laser-etched-headstone/memorial/headstone-12-cross-sun,0,2,0%,8
https://forevershining.org/designs/laser-etched-headstone/son-memorial/serpentine-in-loving-memory-119,0,2,0%,8
https://forevershining.org/designs/laser-monument/religious-memorial/left-wave-cross,0,2,0%,8
https://forevershining.org/designs/traditional-plaque/in-loving-memory/rectangle-portrait-in-loving-memory,0,2,0%,8
https://forevershining.org/designs/bronze-plaque/religious-memorial/bronze-plaque-fought-the-good-fight,0,2,0%,8.5
https://forevershining.org/designs/full-colour-plaque/floral-memorial,0,2,0%,8.5
https://forevershining.org/designs/laser-etched-headstone/in-loving-memory/serpentine-in-loving-memory-42,0,2,0%,8.5
https://forevershining.org/designs/laser-etched-headstone/mother-memorial/headstone-27-always-remembered,0,2,0%,8.5
https://forevershining.org/designs/laser-etched-headstone/religious-memorial/serpentine-religious-3,0,2,0%,8.5
https://forevershining.org/designs/legacy-design/memorial/square-300x300-forever-loved,0,2,0%,8.5
https://forevershining.org/designs/pets/pet-memorial/rectangle-landscape-dog-6,0,2,0%,8.5
https://forevershining.org/designs/stainless-steel-plaque/butterfly-memorial/rectangle-portrait-in-loving-memory-5,0,2,0%,8.5
https://forevershining.org/designs/traditional-headstone/mother-memorial/serpentine-dove-3,0,2,0%,8.5
https://forevershining.org/designs/bronze-plaque/biblical-memorial/bronze-plaque-in-loving-memory-3,0,2,0%,9
https://forevershining.org/designs/bronze-plaque/brother-memorial,0,2,0%,9
https://forevershining.org/designs/bronze-plaque/dedication/rectangle-portrait-rectangle-portrait-rectangle-portrait-rectangle-por-6,0,2,0%,9
https://forevershining.org/designs/bronze-plaque/father-memorial/rectangle-landscape-in-loving-memory-37,0,2,0%,9
https://forevershining.org/designs/bronze-plaque/husband-memorial/rectangle-landscape-loving-husband-7,0,2,0%,9
https://forevershining.org/designs/bronze-plaque/memorial/rectangle-landscape-teddy-bear-plaque,0,2,0%,9
https://forevershining.org/designs/bronze-plaque/mother-memorial/square-rest-in-peace-4,0,2,0%,9
https://forevershining.org/designs/bronze-plaque/music-memorial/square-music,0,2,0%,9
https://forevershining.org/designs/laser-etched-headstone/memorial/right-wave-song,0,2,0%,9
https://forevershining.org/designs/laser-etched-headstone/son-memorial/serpentine-beloved-son-13,0,2,0%,9
https://forevershining.org/designs/laser-monument/military-veteran/serpentine-in-loving-memory-57,0,2,0%,9
https://forevershining.org/designs/mini-headstone/rest-in-peace/cropped-peak-rest-in-peace,0,2,0%,9
https://forevershining.org/designs/stainless-steel-plaque/in-loving-memory/stainless-steel-plaque-in-loving-memory-2,0,2,0%,9
https://forevershining.org/designs/traditional-headstone/baby-memorial/rectangle-too-beautiful-for-earth,0,2,0%,9
https://forevershining.org/designs/traditional-headstone/memorial/serpentine-flower-4,0,2,0%,9
https://forevershining.org/designs/traditional-headstone/religious-memorial/serpentine-bird-cross,0,2,0%,9
https://forevershining.org/designs/traditional-headstone/religious-memorial/serpentine-heart,0,2,0%,9
https://forevershining.org/designs/traditional-monument/wife-memorial,0,2,0%,9
https://forevershining.org/designs/bronze-plaque/religious-memorial/square-birds-plaque,0,2,0%,9.5
https://forevershining.org/designs/bronze-plaque/wife-memorial/bronze-plaque-loving-wife-2,0,2,0%,9.5
https://forevershining.org/designs/laser-colour-plaque/memorial/rectangle-landscape-together-forever-3,0,2,0%,9.5
https://forevershining.org/designs/laser-etched-headstone/mother-memorial/serpentine-ruth-4,0,2,0%,9.5
https://forevershining.org/designs/laser-etched-headstone/religious-memorial/cropped-peak-song,0,2,0%,9.5
https://forevershining.org/designs/pets/biblical-memorial/rectangle-portrait-much-loved-2,0,2,0%,9.5
https://forevershining.org/designs/pets/pet-memorial/rectangle-landscape-much-loved-14,0,2,0%,9.5
https://forevershining.org/designs/traditional-headstone/mother-memorial/curved-top-rest-in-peace-5,0,2,0%,9.5
https://forevershining.org/designs/bronze-plaque/mother-memorial/bronze-plaque-cross-teddy-bear,0,2,0%,10
https://forevershining.org/designs/laser-etched-headstone/biblical-memorial/headstone-27-john-3-16,0,2,0%,10
https://forevershining.org/designs/laser-etched-headstone/garden-memorial/half-round-fish,0,2,0%,10
https://forevershining.org/designs/laser-etched-headstone/mother-memorial/square-in-loving-memory-46,0,2,0%,10
https://forevershining.org/designs/legacy-monument/religious-memorial/square-cross,0,2,0%,10
https://forevershining.org/designs/traditional-plaque/baby-memorial/square-dove-plaque,0,2,0%,10
https://forevershining.org/designs/traditional-plaque/dove-memorial/rectangle-landscape-dove-plaque,0,2,0%,10
https://forevershining.org/designs/bronze-plaque/biblical-memorial/rectangle-landscape-john-17,0,2,0%,10.5
https://forevershining.org/designs/bronze-plaque/father-memorial/square-rest-in-peace-plaque,0,2,0%,10.5
https://forevershining.org/designs/bronze-plaque/husband-memorial/rectangle-landscape-loving-husband-2,0,2,0%,10.5
https://forevershining.org/designs/full-colour-plaque/baby-memorial,0,2,0%,10.5
https://forevershining.org/designs/traditional-headstone/rest-in-peace/serpentine-peter-headstone,0,2,0%,10.5
https://forevershining.org/designs/traditional-headstone/son-memorial/curved-top-flower-flowers,0,2,0%,10.5
https://forevershining.org/designs/bronze-plaque/butterfly-memorial/rectangle-landscape-in-loving-memory-9,0,2,0%,11
https://forevershining.org/designs/bronze-plaque/child-memorial/rectangle-landscape-butterflies-3,0,2,0%,11
https://forevershining.org/designs/bronze-plaque/military-veteran/rectangle-landscape-cross-5,0,2,0%,11
https://forevershining.org/designs/bronze-plaque/mother-memorial/bronze-plaque-teddy-bear,0,2,0%,11
https://forevershining.org/designs/laser-colour-plaque/son-memorial/rectangle-landscape-teddy-bear,0,2,0%,11
https://forevershining.org/designs/laser-etched-headstone/biblical-memorial/serpentine-surely-goodness-and-mercy-shall-follow-me-2,0,2,0%,11
https://forevershining.org/designs/laser-etched-headstone/fishing-memorial,0,2,0%,11
https://forevershining.org/designs/laser-etched-headstone/memorial/cropped-peak-forever-in-our-hearts,0,2,0%,11
https://forevershining.org/designs/laser-etched-headstone/memorial/headstone-27-heart-headstone,0,2,0%,11
https://forevershining.org/designs/mini-headstone/butterfly-memorial,0,2,0%,11
https://forevershining.org/designs/mini-headstone/father-memorial/left-wave-loved-beyond-words,0,2,0%,11
https://forevershining.org/designs/traditional-headstone/butterfly-memorial/half-round-james,0,2,0%,11
https://forevershining.org/designs/laser-etched-headstone/military-veteran/square-military-veteran-headstone,0,2,0%,11.5
https://forevershining.org/designs/laser-etched-headstone/daughter-memorial/serpentine-in-loving-memory-73,0,2,0%,12
https://forevershining.org/designs/laser-monument/memorial/cropped-peak-flower-monument,0,2,0%,12
https://forevershining.org/designs/legacy-full-monument/biblical-memorial/serpentine-adored-great-grandparents,0,2,0%,12
https://forevershining.org/designs/laser-etched-headstone/child-memorial/serpentine-child,0,2,0%,12.5
https://forevershining.org/designs/legacy-plaque/dove-memorial,0,2,0%,14
https://forevershining.org/designs/pets/memorial/bronze-plaque-dog-plaque,0,2,0%,14
https://forevershining.org/designs/laser-etched-headstone/memorial/square-mark-headstone,0,2,0%,15
https://forevershining.org/designs/laser-etched-headstone/religious-memorial/headstone-27-cross-flower-headstone,0,2,0%,15
https://forevershining.org/designs/legacy-full-monument/biblical-memorial/serpentine-adored-great-grandparents-4,0,2,0%,15
https://forevershining.org/designs/bronze-plaque/religious-memorial/square-daniel,0,2,0%,15.5
https://forevershining.org/designs/laser-etched-headstone/memorial/serpentine-jeremiah,0,2,0%,16.5
https://forevershining.org/designs/laser-etched-headstone/memorial/square-bird-birds,0,2,0%,16.5
https://forevershining.org/designs/laser-etched-headstone/wife-memorial/serpentine-devoted-wife-6,0,2,0%,16.5
https://forevershining.org/designs/legacy-product/butterfly-memorial/urn-heart-butterflies,0,2,0%,16.5
https://forevershining.org/designs/traditional-headstone/biblical-memorial/serpentine-i-am-the-resurrection-and-the-life,0,2,0%,17
https://forevershining.org/designs/traditional-headstone/memorial/cropped-peak-fish,0,2,0%,17.5
https://forevershining.org/designs/laser-etched-headstone/daughter-memorial/headstone-43-much-loved,0,2,0%,20
https://forevershining.org/designs/laser-etched-headstone/garden-memorial/serpentine-garden,0,2,0%,24
https://forevershining.org/designs/bronze-plaque/biblical-memorial/square-john-8,0,2,0%,24.5
https://forevershining.org/designs/stainless-steel-plaque/garden-memorial/stainless-steel-plaque-flower,0,2,0%,25.5
https://forevershining.org/designs/bronze-plaque/music-memorial/rectangle-landscape-in-loving-memory-99,0,2,0%,26
https://forevershining.org/designs/laser-monument/father-memorial/serpentine-devoted-father,0,2,0%,26.5
https://forevershining.org/designs/legacy-full-monument/military-veteran,0,2,0%,27.5
https://forevershining.org/designs/laser-etched-headstone/service-memorial/serpentine-service,0,2,0%,33
https://forevershining.org/designs/laser-colour-plaque/mother-memorial/rectangle-landscape-in-loving-memory-26,0,2,0%,37
https://forevershining.org/designs/laser-etched-headstone/father-memorial/cropped-peak-loving-father-headstone,0,2,0%,41
https://forevershining.org/traditional-engraved-full-monument/select-shape,0,2,0%,42
https://forevershining.org/designs/full-colour-plaque/in-loving-memory/portrait-in-loving-memory,0,2,0%,43
https://forevershining.org/designs/bronze-plaque/dedication/square-to-remember-this-commitment-and-community,0,2,0%,44
https://forevershining.org/designs/traditional-headstone/religious-memorial/serpentine-angel-bird-headstone,0,2,0%,48
https://forevershining.org/designs/bronze-plaque/memorial/square-forever-in-our-hearts-5,0,2,0%,49
https://forevershining.org/designs/traditional-headstone/daughter-memorial/serpentine-forever-loved-7,0,2,0%,50
https://forevershining.org/designs/laser-colour-plaque/religious-memorial/square-flower-giraffe,0,2,0%,51
https://forevershining.org/designs/bronze-plaque/memorial/bronze-plaque-memorial-5,0,2,0%,52
https://forevershining.org/designs/laser-etched-headstone/biblical-memorial/half-round-corinthians,0,2,0%,52.5
https://forevershining.org/designs/traditional-headstone/religious-memorial/serpentine-o-ia-keriso-lea,0,2,0%,53
https://forevershining.org/bronze-plaque/select-shape,0,2,0%,55.5
https://forevershining.org/designs/laser-etched-headstone/dove-memorial/serpentine-forever-in-our-hearts-34,0,2,0%,56
https://forevershining.org/designs/bronze-plaque/father-memorial/bronze-plaque-cross-2,0,2,0%,60.5
https://forevershining.org/designs/traditional-headstone/husband-memorial/square-loving-husband-8,0,2,0%,66
https://forevershining.org/designs/laser-colour-plaque/father-memorial/rectangle-landscape-cross-4,0,2,0%,67
https://forevershining.org/designs/bronze-plaque/sister-memorial/square-in-loving-memory-28,0,2,0%,68.5
https://forevershining.org/designs/laser-etched-headstone/mother-memorial/square-loving-mother-10,0,2,0%,72
https://forevershining.org/designs/bronze-plaque/biblical-memorial/square-in-loving-memory-13,0,2,0%,72.5
https://forevershining.org/designs/laser-colour-plaque/wife-memorial/square-loving-wife-6,0,2,0%,72.5
https://forevershining.org/designs/laser-monument/son-memorial/gable-in-loving-memory-monument,0,2,0%,73
https://forevershining.org/designs/traditional-headstone/wife-memorial/square-in-loving-memory-45,0,2,0%,73
https://forevershining.org/designs/laser-colour-plaque/wife-memorial/square-loving-wife-4,0,2,0%,75
https://forevershining.org/designs/bronze-plaque/dedication/rectangle-landscape-rectangle-landscape-rectangle-landscape-rectangle-24,0,2,0%,76.5
https://forevershining.org/designs/bronze-plaque/memorial/rectangle-portrait-rectangle-portrait-rectangle-portrait-rectangle-por-5,0,2,0%,76.5
https://forevershining.org/designs/laser-colour-plaque/son-memorial/square-beloved-son-plaque,0,2,0%,77
https://forevershining.org/designs/laser-etched-headstone/husband-memorial/serpentine-loving-husband-6,0,2,0%,77.5
https://forevershining.org/designs/bronze-plaque/wife-memorial/bronze-plaque-soulmate,0,2,0%,81
https://forevershining.org/designs/traditional-plaque/dove-memorial/rectangle-landscape-dove-flower-plaque,0,2,0%,94
https://forevershining.org/designs/laser-etched-headstone/mother-memorial/serpentine-in-loving-memory-118,0,2,0%,97
https://forevershining.org/designs/laser-etched-headstone/father-memorial/serpentine-in-loving-memory-117,0,2,0%,113.5
https://forevershining.org/designs/traditional-headstone/in-loving-memory/serpentine-in-loving-memory-6,0,2,0%,114
https://forevershining.org/designs/full-colour-plaque/father-memorial/full-colour-plaque-loving-father,0,2,0%,122.5
https://forevershining.org/designs/bronze-plaque/biblical-memorial/bronze-plaque-in-loving-memory-15,0,1,0%,1
https://forevershining.org/designs/bronze-plaque/biblical-memorial/rectangle-landscape-in-loving-memory-72,0,1,0%,1
https://forevershining.org/designs/bronze-plaque/daughter-memorial/rectangle-landscape-beloved-daughter-3,0,1,0%,1
https://forevershining.org/designs/bronze-plaque/father-memorial/square-rest-in-peace-3,0,1,0%,1
https://forevershining.org/designs/bronze-plaque/husband-memorial/square-loving-father-5,0,1,0%,1
https://forevershining.org/designs/bronze-plaque/in-loving-memory/rectangle-portrait-in-loving-memory-7,0,1,0%,1
https://forevershining.org/designs/laser-colour-plaque/biblical-memorial/rectangle-landscape--for-god-so-loved-the-world-that-he-gave-his-only,0,1,0%,1
https://forevershining.org/designs/laser-colour-plaque/father-memorial/square-in-loving-memory-26,0,1,0%,1
https://forevershining.org/designs/laser-colour-plaque/jewish-memorial/square-samuel,0,1,0%,1
https://forevershining.org/designs/laser-etched-headstone/biblical-memorial/serpentine-in-loving-memory-82,0,1,0%,1
https://forevershining.org/designs/laser-etched-headstone/biblical-memorial/serpentine-john-15,0,1,0%,1
https://forevershining.org/designs/laser-etched-headstone/butterfly-memorial/serpentine-in-loving-memory-125,0,1,0%,1
https://forevershining.org/designs/laser-etched-headstone/daughter-memorial/serpentine-in-loving-memory-100,0,1,0%,1
https://forevershining.org/designs/laser-etched-headstone/dove-memorial/serpentine-dove-headstone,0,1,0%,1
https://forevershining.org/designs/laser-etched-headstone/dove-memorial/serpentine-forever-in-our-hearts-32,0,1,0%,1
https://forevershining.org/designs/laser-etched-headstone/father-memorial/serpentine-cross-9,0,1,0%,1
https://forevershining.org/designs/laser-etched-headstone/father-memorial/serpentine-loving-father,0,1,0%,1
https://forevershining.org/designs/laser-etched-headstone/floral-memorial/serpentine-in-loving-memory-50,0,1,0%,1
https://forevershining.org/designs/laser-etched-headstone/garden-memorial/square-in-loving-memory-47,0,1,0%,1
https://forevershining.org/designs/laser-etched-headstone/husband-memorial/curved-top-loving-husband,0,1,0%,1
https://forevershining.org/designs/laser-etched-headstone/husband-memorial/serpentine-devoted-husband-3,0,1,0%,1
https://forevershining.org/designs/laser-etched-headstone/memorial/headstone-27-dove-flower,0,1,0%,1
https://forevershining.org/designs/laser-etched-headstone/memorial/headstone-46-always-in-our-hearts,0,1,0%,1
https://forevershining.org/designs/laser-etched-headstone/memorial/serpentine-flower-flowers-2,0,1,0%,1
https://forevershining.org/designs/laser-etched-headstone/memorial/serpentine-flower-horse,0,1,0%,1
https://forevershining.org/designs/laser-etched-headstone/memorial/serpentine-samuel,0,1,0%,1
https://forevershining.org/designs/laser-etched-headstone/mother-memorial/headstone-27-in-loving-memory-15,0,1,0%,1
https://forevershining.org/designs/laser-etched-headstone/religious-memorial/curved-top-in-loving-memory-14,0,1,0%,1
https://forevershining.org/designs/laser-etched-headstone/religious-memorial/headstone-27-always-in-our-hearts-headstone,0,1,0%,1
https://forevershining.org/designs/laser-etched-headstone/religious-memorial/serpentine-cross,0,1,0%,1
https://forevershining.org/designs/laser-etched-headstone/religious-memorial/serpentine-cross-14,0,1,0%,1
https://forevershining.org/designs/laser-etched-headstone/religious-memorial/serpentine-cross-8,0,1,0%,1
https://forevershining.org/designs/laser-etched-headstone/son-memorial/curved-gable-rest-in-peace-5,0,1,0%,1
https://forevershining.org/designs/laser-etched-headstone/son-memorial/curved-top-gone-but-never-forgotten-2,0,1,0%,1
https://forevershining.org/designs/laser-etched-headstone/son-memorial/serpentine-beloved-son-19,0,1,0%,1
https://forevershining.org/designs/laser-etched-headstone/wife-memorial/curved-top-gone-but-never-forgotten,0,1,0%,1
https://forevershining.org/designs/laser-etched-headstone/wife-memorial/headstone-36-loving-husband,0,1,0%,1
https://forevershining.org/designs/stainless-steel-plaque/baby-memorial/square-forever-in-our-hearts-15,0,1,0%,1
https://forevershining.org/designs/traditional-headstone/biblical-memorial/serpentine-devoted-mother,0,1,0%,1
https://forevershining.org/designs/traditional-headstone/garden-memorial/square-garden,0,1,0%,1
https://forevershining.org/designs/traditional-headstone/in-loving-memory/serpentine-always-in-our-hearts-8,0,1,0%,1
https://forevershining.org/designs/traditional-headstone/memorial/serpentine-kangaroo,0,1,0%,1
https://forevershining.org/designs/traditional-headstone/mother-memorial/,0,1,0%,1
https://forevershining.org/designs/traditional-headstone/mother-memorial/headstone-27-in-loving-memory-8,0,1,0%,1
https://forevershining.org/designs/traditional-headstone/mother-memorial/serpentine-much-loved-9,0,1,0%,1
https://forevershining.org/designs/traditional-headstone/rest-in-peace/serpentine-rest-in-peace-5,0,1,0%,1
https://forevershining.org/designs/traditional-monument/religious-memorial/headstone-22-cross,0,1,0%,1
https://forevershining.org/designs/bronze-plaque/baby-memorial/bronze-plaque-in-loving-memory-26,0,1,0%,2
https://forevershining.org/designs/bronze-plaque/biblical-memorial/rectangle-landscape-john-2,0,1,0%,2
https://forevershining.org/designs/bronze-plaque/in-loving-memory/square-rest-in-peace-6,0,1,0%,2
https://forevershining.org/designs/laser-colour-plaque/wife-memorial/square-loving-wife-5,0,1,0%,2
https://forevershining.org/designs/laser-etched-headstone/baby-memorial/headstone-38-teddy-bear,0,1,0%,2
https://forevershining.org/designs/laser-etched-headstone/brother-memorial/serpentine-laughter-and-love,0,1,0%,2
https://forevershining.org/designs/laser-etched-headstone/butterfly-memorial/serpentine-in-loving-memory-112,0,1,0%,2
https://forevershining.org/designs/laser-etched-headstone/father-memorial/square-beloved-son-2,0,1,0%,2
https://forevershining.org/designs/laser-etched-headstone/fishing-memorial/square-fishing-headstone,0,1,0%,2
https://forevershining.org/designs/laser-etched-headstone/husband-memorial/right-wave-loving-father,0,1,0%,2
https://forevershining.org/designs/laser-etched-headstone/memorial/gable-bird,0,1,0%,2
https://forevershining.org/designs/laser-etched-headstone/memorial/gable-horse,0,1,0%,2
https://forevershining.org/designs/laser-etched-headstone/military-veteran/serpentine-james-8,0,1,0%,2
https://forevershining.org/designs/laser-etched-headstone/religious-memorial/square-fought-the-good-fight-headstone,0,1,0%,2
https://forevershining.org/designs/laser-etched-headstone/son-memorial/cropped-peak-in-loving-memory-10,0,1,0%,2
https://forevershining.org/designs/laser-etched-headstone/wife-memorial/headstone-38-devoted-wife,0,1,0%,2
https://forevershining.org/designs/laser-monument/rest-in-peace/headstone-22-rest-in-peace-monument,0,1,0%,2
https://forevershining.org/designs/legacy-full-monument/biblical-memorial/left-wave-adored-great-grandparents,0,1,0%,2
https://forevershining.org/designs/legacy-full-monument/father-memorial/cropped-peak-loved-beyond-words,0,1,0%,2
https://forevershining.org/designs/mini-headstone/dove-memorial/half-round-bird,0,1,0%,2
https://forevershining.org/designs/stainless-steel-plaque/memorial/rectangle-landscape-kangaroo-3,0,1,0%,2
https://forevershining.org/designs/traditional-headstone/biblical-memorial/curved-top-devoted-mother,0,1,0%,2
https://forevershining.org/designs/traditional-headstone/biblical-memorial/right-wave-love-is-patient-love-is-kind,0,1,0%,2
https://forevershining.org/designs/traditional-headstone/dove-memorial/serpentine-forever-in-our-hearts-10,0,1,0%,2
https://forevershining.org/designs/traditional-plaque/in-loving-memory/square-in-loving-memory-40,0,1,0%,2
https://forevershining.org/designs/bronze-plaque/golf-memorial,0,1,0%,3
https://forevershining.org/designs/bronze-plaque/in-loving-memory/bronze-plaque-in-loving-memory-31,0,1,0%,3
https://forevershining.org/designs/bronze-plaque/mother-memorial/circle-forever-in-our-hearts,0,1,0%,3
https://forevershining.org/designs/bronze-plaque/religious-memorial/rectangle-portrait-flower-flowers,0,1,0%,3
https://forevershining.org/designs/bronze-plaque/rest-in-peace/bronze-plaque-rest-in-peace-3,0,1,0%,3
https://forevershining.org/designs/bronze-plaque/wife-memorial/bronze-plaque-devoted-mother,0,1,0%,3
https://forevershining.org/designs/bronze-plaque/wife-memorial/square-loving-mother-8,0,1,0%,3
https://forevershining.org/designs/laser-etched-headstone/biblical-memorial/curved-top-loving-husband-headstone,0,1,0%,3
https://forevershining.org/designs/laser-etched-headstone/floral-memorial,0,1,0%,3
https://forevershining.org/designs/laser-etched-headstone/garden-memorial/serpentine-rest-in-peace-15,0,1,0%,3
https://forevershining.org/designs/legacy-product/memorial/rectangle-bird,0,1,0%,3
https://forevershining.org/designs/pets/pet-memorial/paw-forever-in-our-hearts,0,1,0%,3
https://forevershining.org/designs/traditional-headstone/father-memorial/serpentine-in-loving-memory-16,0,1,0%,3
https://forevershining.org/designs/traditional-headstone/military-veteran/half-round-cross,0,1,0%,3
https://forevershining.org/designs/traditional-headstone/sister-memorial,0,1,0%,3
https://forevershining.org/designs/traditional-headstone/wife-memorial,0,1,0%,3
https://forevershining.org/designs/traditional-plaque/rest-in-peace,0,1,0%,3
https://forevershining.org/designs/bronze-plaque/brother-memorial/bronze-plaque-in-loving-memory-24,0,1,0%,4
https://forevershining.org/designs/bronze-plaque/daughter-memorial/rectangle-portrait-always-in-our-hearts,0,1,0%,4
https://forevershining.org/designs/bronze-plaque/dedication/square-fish,0,1,0%,4
https://forevershining.org/designs/bronze-plaque/memorial/rectangle-landscape-kangaroo-plaque,0,1,0%,4
https://forevershining.org/designs/bronze-plaque/memorial/square-john-7,0,1,0%,4
https://forevershining.org/designs/laser-colour-plaque/biblical-memorial/rectangle-landscape-psalm-37,0,1,0%,4
https://forevershining.org/designs/laser-colour-plaque/wife-memorial,0,1,0%,4
https://forevershining.org/designs/laser-etched-headstone/baby-memorial/square-jude,0,1,0%,4
https://forevershining.org/designs/laser-etched-headstone/biblical-memorial/serpentine-in-loving-memory-31,0,1,0%,4
https://forevershining.org/designs/laser-etched-headstone/dove-memorial/peak-bird-headstone,0,1,0%,4
https://forevershining.org/designs/laser-etched-headstone/memorial/curved-top-kangaroo,0,1,0%,4
https://forevershining.org/designs/laser-etched-headstone/religious-memorial/serpentine-fought-the-good-fight,0,1,0%,4
https://forevershining.org/designs/mini-headstone/biblical-memorial,0,1,0%,4
https://forevershining.org/designs/mini-headstone/father-memorial/serpentine-in-loving-memory-4,0,1,0%,4
https://forevershining.org/designs/pets/pet-memorial/heart-dog,0,1,0%,4
https://forevershining.org/designs/traditional-headstone/military-veteran/headstone-27-bird,0,1,0%,4
https://forevershining.org/designs/traditional-headstone/mother-memorial/square-forever-loved-13,0,1,0%,4
https://forevershining.org/designs/traditional-plaque/floral-memorial/rectangle-landscape-together-forever-8,0,1,0%,4
https://forevershining.org/designs/bronze-plaque/biblical-memorial/rectangle-landscape-aloha,0,1,0%,5
https://forevershining.org/designs/bronze-plaque/garden-memorial/rectangle-landscape-kangaroo-4,0,1,0%,5
https://forevershining.org/designs/bronze-plaque/memorial/square-cat-dog,0,1,0%,5
https://forevershining.org/designs/bronze-plaque/rest-in-peace/bronze-plaque-rest-in-peace-4,0,1,0%,5
https://forevershining.org/designs/bronze-plaque/wife-memorial,0,1,0%,5
https://forevershining.org/designs/laser-colour-plaque/brother-memorial/square-mark,0,1,0%,5
https://forevershining.org/designs/laser-colour-plaque/mother-memorial/square-in-loving-memory-16,0,1,0%,5
https://forevershining.org/designs/laser-etched-headstone/biblical-memorial/headstone-27-beloved-daughter-5,0,1,0%,5
https://forevershining.org/designs/laser-etched-headstone/daughter-memorial/serpentine-angel-flower-headstone,0,1,0%,5
https://forevershining.org/designs/laser-etched-headstone/father-memorial/headstone-20-much-loved,0,1,0%,5
https://forevershining.org/designs/laser-etched-headstone/floral-memorial/serpentine-flower-rose,0,1,0%,5
https://forevershining.org/designs/laser-etched-headstone/husband-memorial/serpentine-husband-headstone,0,1,0%,5
https://forevershining.org/designs/laser-etched-headstone/husband-memorial/square-devoted-husband,0,1,0%,5
https://forevershining.org/designs/laser-etched-headstone/memorial/gable-bird-cat,0,1,0%,5
https://forevershining.org/designs/laser-etched-headstone/mother-memorial/headstone-33-butterflies-dove,0,1,0%,5
https://forevershining.org/designs/laser-etched-headstone/religious-memorial/left-wave-in-loving-memory-8,0,1,0%,5
https://forevershining.org/designs/laser-etched-headstone/religious-memorial/square-bird-butterflies,0,1,0%,5
https://forevershining.org/designs/laser-etched-headstone/religious-memorial/square-heart-horse,0,1,0%,5
https://forevershining.org/designs/laser-monument/biblical-memorial,0,1,0%,5
https://forevershining.org/designs/legacy-full-monument/biblical-memorial/serpentine-beautiful-soul-monument,0,1,0%,5
https://forevershining.org/designs/stainless-steel-plaque/fishing-memorial/rectangle-landscape-forever-in-our-hearts-14,0,1,0%,5
https://forevershining.org/designs/traditional-headstone/dove-memorial/gable-in-loving-memory,0,1,0%,5
https://forevershining.org/designs/traditional-headstone/wife-memorial/headstone-27-in-loving-memory-13,0,1,0%,5
https://forevershining.org/designs/traditional-plaque/mother-memorial/rectangle-landscape-forever-in-our-hearts-21,0,1,0%,5
https://forevershining.org/designs/traditional-plaque/son-memorial/rectangle-landscape-beloved-son-4,0,1,0%,5
https://forevershining.org/designs/bronze-plaque/biblical-memorial/rectangle-landscape-devoted-wife-plaque,0,1,0%,6
https://forevershining.org/designs/bronze-plaque/father-memorial/bronze-plaque-much-loved-6,0,1,0%,6
https://forevershining.org/designs/bronze-plaque/floral-memorial,0,1,0%,6
https://forevershining.org/designs/full-colour-plaque/father-memorial,0,1,0%,6
https://forevershining.org/designs/full-colour-plaque/mother-memorial/landscape-in-our-hearts-forever,0,1,0%,6
https://forevershining.org/designs/laser-etched-headstone/in-loving-memory/headstone-27-in-loving-memory-4,0,1,0%,6
https://forevershining.org/designs/laser-etched-headstone/in-loving-memory/serpentine-in-loving-memory,0,1,0%,6
https://forevershining.org/designs/laser-etched-headstone/in-loving-memory/serpentine-in-loving-memory-12,0,1,0%,6
https://forevershining.org/designs/laser-etched-headstone/memorial/right-wave-fish-flower,0,1,0%,6
https://forevershining.org/designs/laser-etched-headstone/memorial/serpentine-heart-3,0,1,0%,6
https://forevershining.org/designs/laser-etched-headstone/mother-memorial/cropped-peak-loving-mother,0,1,0%,6
https://forevershining.org/designs/laser-etched-headstone/mother-memorial/serpentine-angel-cross-2,0,1,0%,6
https://forevershining.org/designs/laser-etched-headstone/mother-memorial/serpentine-in-loving-memory-96,0,1,0%,6
https://forevershining.org/designs/laser-etched-headstone/son-memorial/serpentine-beloved-son,0,1,0%,6
https://forevershining.org/designs/laser-etched-headstone/wife-memorial/serpentine-dog-3,0,1,0%,6
https://forevershining.org/designs/legacy-full-monument/biblical-memorial/curved-top-proverbs-31,0,1,0%,6
https://forevershining.org/designs/mini-headstone/rest-in-peace/serpentine-anchor,0,1,0%,6
https://forevershining.org/designs/stainless-steel-plaque/child-memorial/stainless-steel-plaque-much-loved-3,0,1,0%,6
https://forevershining.org/designs/stainless-steel-plaque/husband-memorial/stainless-steel-plaque-devoted-husband,0,1,0%,6
https://forevershining.org/designs/traditional-headstone/biblical-memorial/square-in-loving-memory-11,0,1,0%,6
https://forevershining.org/designs/traditional-headstone/in-loving-memory/serpentine-in-loving-memory-8,0,1,0%,6
https://forevershining.org/designs/traditional-headstone/son-memorial,0,1,0%,6
https://forevershining.org/designs/traditional-headstone/wife-memorial/serpentine-cross-hearts,0,1,0%,6
https://forevershining.org/designs/traditional-monument/biblical-memorial/serpentine-forever-in-our-hearts-11,0,1,0%,6
https://forevershining.org/designs/traditional-monument/in-loving-memory,0,1,0%,6
https://forevershining.org/designs/bronze-plaque/in-loving-memory/bronze-plaque-heart-2,0,1,0%,7
https://forevershining.org/designs/full-colour-plaque/baby-memorial/portrait-baby,0,1,0%,7
https://forevershining.org/designs/laser-colour-plaque/butterfly-memorial,0,1,0%,7
https://forevershining.org/designs/laser-colour-plaque/psalm-23-memorial,0,1,0%,7
https://forevershining.org/designs/laser-colour-plaque/rest-in-peace/rectangle-landscape-in-loving-memory-86,0,1,0%,7
https://forevershining.org/designs/laser-etched-headstone/baby-memorial/headstone-2-flower,0,1,0%,7
https://forevershining.org/designs/laser-etched-headstone/memorial/headstone-19-gone-but-not-forgotten,0,1,0%,7
https://forevershining.org/designs/laser-etched-headstone/memorial/serpentine-butterflies-flower-3,0,1,0%,7
https://forevershining.org/designs/laser-etched-headstone/mother-memorial/headstone-41-flower,0,1,0%,7
https://forevershining.org/designs/laser-etched-headstone/mother-memorial/square-mother,0,1,0%,7
https://forevershining.org/designs/laser-etched-headstone/religious-memorial/left-wave-in-loving-memory-10,0,1,0%,7
https://forevershining.org/designs/laser-etched-headstone/religious-memorial/right-wave-song-headstone,0,1,0%,7
https://forevershining.org/designs/laser-etched-headstone/rest-in-peace,0,1,0%,7
https://forevershining.org/designs/laser-etched-headstone/wife-memorial/curved-top-loving-wife-4,0,1,0%,7
https://forevershining.org/designs/laser-etched-headstone/wife-memorial/right-wave-devoted-husband,0,1,0%,7
https://forevershining.org/designs/laser-monument/butterfly-memorial/serpentine-in-loving-memory-monument,0,1,0%,7
https://forevershining.org/designs/laser-monument/islamic-memorial/serpentine-in-loving-memory-85,0,1,0%,7
https://forevershining.org/designs/mini-headstone/brother-memorial/curved-gable-no-more-pain-2,0,1,0%,7
https://forevershining.org/designs/pets/butterfly-memorial/serpentine-bird-butterflies-2,0,1,0%,7
https://forevershining.org/designs/pets/commemorative/square-flower-parrot,0,1,0%,7
https://forevershining.org/designs/pets/memorial/bronze-plaque-bird-butterflies-plaque,0,1,0%,7
https://forevershining.org/designs/stainless-steel-plaque/memorial,0,1,0%,7
https://forevershining.org/designs/traditional-headstone/in-loving-memory/headstone-27-heart,0,1,0%,7
https://forevershining.org/designs/traditional-headstone/military-veteran/serpentine-military-veteran-2,0,1,0%,7
https://forevershining.org/designs/traditional-plaque/biblical-memorial/rectangle-landscape-forever-in-our-hearts-25,0,1,0%,7
https://forevershining.org/designs/bronze-plaque/butterfly-memorial/rectangle-landscape-butterflies,0,1,0%,8
https://forevershining.org/designs/bronze-plaque/child-memorial,0,1,0%,8
https://forevershining.org/designs/bronze-plaque/commemorative/rectangle-portrait-rectangle-portrait-rectangle-portrait-rectangle-por-8,0,1,0%,8
https://forevershining.org/designs/bronze-plaque/memorial/bronze-plaque-memorial,0,1,0%,8
https://forevershining.org/designs/bronze-plaque/memorial/rectangle-portrait-flower-2,0,1,0%,8
https://forevershining.org/designs/bronze-plaque/memorial/rectangle-portrait-peter,0,1,0%,8
https://forevershining.org/designs/bronze-plaque/religious-memorial/bronze-plaque-mark,0,1,0%,8
https://forevershining.org/designs/laser-colour-plaque/baby-memorial/square-until-we-meet-again-plaque,0,1,0%,8
https://forevershining.org/designs/laser-colour-plaque/mother-memorial/square-loving-mother-7,0,1,0%,8
https://forevershining.org/designs/laser-colour-plaque/religious-memorial/square-loved-and-remembered-plaque,0,1,0%,8
https://forevershining.org/designs/laser-etched-headstone/baby-memorial/headstone-27-always-in-our-hearts,0,1,0%,8
https://forevershining.org/designs/laser-etched-headstone/biblical-memorial/cropped-peak-much-loved-headstone,0,1,0%,8
https://forevershining.org/designs/laser-etched-headstone/butterfly-memorial/headstone-27-with-the-angels,0,1,0%,8
https://forevershining.org/designs/laser-etched-headstone/butterfly-memorial/headstone-4-butterflies,0,1,0%,8
https://forevershining.org/designs/laser-etched-headstone/child-memorial/cropped-peak-child,0,1,0%,8
https://forevershining.org/designs/laser-etched-headstone/daughter-memorial/serpentine-in-loving-memory-103,0,1,0%,8
https://forevershining.org/designs/laser-etched-headstone/dove-memorial/serpentine-treasured-friend,0,1,0%,8
https://forevershining.org/designs/laser-etched-headstone/floral-memorial/serpentine-flower-flowers-4,0,1,0%,8
https://forevershining.org/designs/laser-etched-headstone/husband-memorial/serpentine-husband,0,1,0%,8
https://forevershining.org/designs/laser-etched-headstone/in-loving-memory/serpentine-forever-in-our-hearts-51,0,1,0%,8
https://forevershining.org/designs/laser-etched-headstone/memorial/headstone-10-flower,0,1,0%,8
https://forevershining.org/designs/laser-etched-headstone/mother-memorial/headstone-9-flower-heart,0,1,0%,8
https://forevershining.org/designs/laser-etched-headstone/music-memorial/headstone-28-in-loving-memory,0,1,0%,8
https://forevershining.org/designs/laser-etched-headstone/nurse-memorial/curved-top-nurse-2,0,1,0%,8
https://forevershining.org/designs/laser-etched-headstone/religious-memorial/serpentine-cross-dove-7,0,1,0%,8
https://forevershining.org/designs/laser-etched-headstone/religious-memorial/serpentine-forever-in-our-hearts-37,0,1,0%,8
https://forevershining.org/designs/laser-etched-headstone/son-memorial/serpentine-beloved-son-27,0,1,0%,8
https://forevershining.org/designs/laser-etched-headstone/wife-memorial/curved-top-dog,0,1,0%,8
https://forevershining.org/designs/laser-etched-headstone/wife-memorial/left-wave-loving-wife,0,1,0%,8
https://forevershining.org/designs/laser-etched-headstone/wife-memorial/serpentine-precious-memories,0,1,0%,8
https://forevershining.org/designs/laser-etched-headstone/wife-memorial/serpentine-treasured-memories-7,0,1,0%,8
https://forevershining.org/designs/legacy-full-monument/wife-memorial/headstone-7-isaiah-49,0,1,0%,8
https://forevershining.org/designs/legacy-product/brother-memorial/urn-rectangle-in-loving-memory,0,1,0%,8
https://forevershining.org/designs/mini-headstone/memorial/serpentine-star-3,0,1,0%,8
https://forevershining.org/designs/mini-headstone/military-veteran/curved-top-military-veteran-headstone,0,1,0%,8
https://forevershining.org/designs/stainless-steel-plaque/rest-in-peace,0,1,0%,8