{
  "beta": 0.03920451,
  "Delta": 1.59683,
  "chi0": 3.807301,
  "mu": 2.242273,
  "chi_end": 0.2,
  "chi_star": 7.600018434649771,
  "epsilon_star": 0.0005108349278921226,
  "eta_star": -0.0155999678624313,
  "alpha_s_star": -0.0008114305782099215,
  "beta_s": -4.223273081707367e-05,
  "target_N": 55.0
}