{
  "unique_samples": 102865,
  "total_weight_post": 120789.0,
  "effective_sample_size": 72409.37660861667,
  "max_weight": 10.0,
  "median_weight": 1.0,
  "bestfit_minus_loglike": 1395.85,
  "bestfit_index_post": 4427,
  "bestfit_params": {
    "omega_b": 2.240465,
    "omega_cdm": 0.1195509,
    "100theta_s": 1.041715,
    "tau_reio": 0.0662213,
    "epsilon": 2.156517e-09,
    "c": 0.0007364625,
    "A_s_inf": 1.107053,
    "A_cib_217": 48.07014,
    "xi_sz_cib": 0.00225512,
    "A_sz": 3.246066,
    "ps_A_100_100": 299.0258,
    "ps_A_143_143": 45.76949,
    "ps_A_143_217": 29.23229,
    "ps_A_217_217": 115.0741,
    "ksz_norm": 2.016228,
    "gal545_A_100": 8.258952,
    "gal545_A_143": 10.55689,
    "gal545_A_143_217": 19.07031,
    "gal545_A_217": 94.96472,
    "galf_TE_A_100": 0.1177621,
    "galf_TE_A_100_143": 0.1225095,
    "galf_TE_A_100_217": 0.3325541,
    "galf_TE_A_143": 0.1968429,
    "galf_TE_A_143_217": 0.7164598,
    "galf_TE_A_217": 2.302484,
    "calib_100T": 999.7565,
    "calib_217T": 998.5313,
    "A_planck": 1.002194
  },
  "ingest_meta": {
    "source": "l7\\chains\\alpha_chain4\\2026-03-10_200000__1.txt",
    "param_count": 28,
    "columns": [
      "weight",
      "minus_loglike",
      "omega_b",
      "omega_cdm",
      "100theta_s",
      "tau_reio",
      "epsilon",
      "c",
      "A_s_inf",
      "A_cib_217",
      "xi_sz_cib",
      "A_sz",
      "ps_A_100_100",
      "ps_A_143_143",
      "ps_A_143_217",
      "ps_A_217_217",
      "ksz_norm",
      "gal545_A_100",
      "gal545_A_143",
      "gal545_A_143_217",
      "gal545_A_217",
      "galf_TE_A_100",
      "galf_TE_A_100_143",
      "galf_TE_A_100_217",
      "galf_TE_A_143",
      "galf_TE_A_143_217",
      "galf_TE_A_217",
      "calib_100T",
      "calib_217T",
      "A_planck"
    ],
    "rows_total": 102865,
    "rows_post_burn": 102865,
    "burn_in_index": 0,
    "burn_in_threshold": 5001395.85,
    "burn_in_fraction": 0.0,
    "minus_loglike_min": 1395.85,
    "minus_loglike_median": 1399.04,
    "total_weight_post": 120789.0
  }
}